code_insee,population_totale,superficie_km2,revenu_median,densite_pop_km2
75101,15568,1824612.86048666,32230.0,0.008532220909507187
75101,15568,1824612.86048666,41130.0,0.008532220909507187
75101,15568,1824612.86048666,36300.0,0.008532220909507187
75101,15568,1824612.86048666,32570.0,0.008532220909507187
75101,15568,1824612.86048666,40930.0,0.008532220909507187
75101,15568,1824612.86048666,51500.0,0.008532220909507187
75101,15568,1824612.86048666,40750.0,0.008532220909507187
75102,20566,991153.74474596,40070.0,0.020749555867612866
75102,20566,991153.74474596,39380.0,0.020749555867612866
75102,20566,991153.74474596,37690.0,0.020749555867612866
75102,20566,991153.74474596,37780.0,0.020749555867612866
75102,20566,991153.74474596,35580.0,0.020749555867612866
75102,20566,991153.74474596,30550.0,0.020749555867612866
75102,20566,991153.74474596,39150.0,0.020749555867612866
75102,20566,991153.74474596,33750.0,0.020749555867612866
75102,20566,991153.74474596,32070.0,0.020749555867612866
75102,20566,991153.74474596,30990.0,0.020749555867612866
75103,32992,1170882.82818778,33120.0,0.02817702950778002
75103,32992,1170882.82818778,33700.0,0.02817702950778002
75103,32992,1170882.82818778,35540.0,0.02817702950778002
75103,32992,1170882.82818778,29390.0,0.02817702950778002
75103,32992,1170882.82818778,36390.0,0.02817702950778002
75103,32992,1170882.82818778,34370.0,0.02817702950778002
75103,32992,1170882.82818778,40020.0,0.02817702950778002
75103,32992,1170882.82818778,39940.0,0.02817702950778002
75103,32992,1170882.82818778,39400.0,0.02817702950778002
75103,32992,1170882.82818778,39900.0,0.02817702950778002
75103,32992,1170882.82818778,44690.0,0.02817702950778002
75103,32992,1170882.82818778,39640.0,0.02817702950778002
75103,32992,1170882.82818778,41360.0,0.02817702950778002
75103,32992,1170882.82818778,34330.0,0.02817702950778002
75103,32992,1170882.82818778,34320.0,0.02817702950778002
75103,32992,1170882.82818778,32470.0,0.02817702950778002
75103,32992,1170882.82818778,31560.0,0.02817702950778002
75104,28293,1600585.63150251,36630.0,0.0176766549962345
75104,28293,1600585.63150251,36130.0,0.0176766549962345
75104,28293,1600585.63150251,32930.0,0.0176766549962345
75104,28293,1600585.63150251,25580.0,0.0176766549962345
75104,28293,1600585.63150251,32950.0,0.0176766549962345
75104,28293,1600585.63150251,34950.0,0.0176766549962345
75104,28293,1600585.63150251,33630.0,0.0176766549962345
75104,28293,1600585.63150251,30950.0,0.0176766549962345
75104,28293,1600585.63150251,38800.0,0.0176766549962345
75104,28293,1600585.63150251,43100.0,0.0176766549962345
75104,28293,1600585.63150251,39250.0,0.0176766549962345
75104,28293,1600585.63150251,42940.0,0.0176766549962345
75105,56578,2539374.62284532,36470.0,0.02228028881244999
75105,56578,2539374.62284532,39500.0,0.02228028881244999
75105,56578,2539374.62284532,34080.0,0.02228028881244999
75105,56578,2539374.62284532,39420.0,0.02228028881244999
75105,56578,2539374.62284532,40140.0,0.02228028881244999
75105,56578,2539374.62284532,40060.0,0.02228028881244999
75105,56578,2539374.62284532,35770.0,0.02228028881244999
75105,56578,2539374.62284532,35400.0,0.02228028881244999
75105,56578,2539374.62284532,30050.0,0.02228028881244999
75105,56578,2539374.62284532,32040.0,0.02228028881244999
75105,56578,2539374.62284532,31840.0,0.02228028881244999
75105,56578,2539374.62284532,32930.0,0.02228028881244999
75105,56578,2539374.62284532,40380.0,0.02228028881244999
75105,56578,2539374.62284532,38940.0,0.02228028881244999
75105,56578,2539374.62284532,40900.0,0.02228028881244999
75105,56578,2539374.62284532,41260.0,0.02228028881244999
75105,56578,2539374.62284532,48480.0,0.02228028881244999
75105,56578,2539374.62284532,54490.0,0.02228028881244999
75105,56578,2539374.62284532,40590.0,0.02228028881244999
75105,56578,2539374.62284532,38150.0,0.02228028881244999
75105,56578,2539374.62284532,37760.0,0.02228028881244999
75105,56578,2539374.62284532,33760.0,0.02228028881244999
75105,56578,2539374.62284532,44630.0,0.02228028881244999
75105,56578,2539374.62284532,32650.0,0.02228028881244999
75105,56578,2539374.62284532,37580.0,0.02228028881244999
75106,41209,2153095.58639283,45020.0,0.019139419661827063
75106,41209,2153095.58639283,35630.0,0.019139419661827063
75106,41209,2153095.58639283,37950.0,0.019139419661827063
75106,41209,2153095.58639283,53840.0,0.019139419661827063
75106,41209,2153095.58639283,49070.0,0.019139419661827063
75106,41209,2153095.58639283,40810.0,0.019139419661827063
75106,41209,2153095.58639283,43410.0,0.019139419661827063
75106,41209,2153095.58639283,52170.0,0.019139419661827063
75106,41209,2153095.58639283,54100.0,0.019139419661827063
75106,41209,2153095.58639283,47530.0,0.019139419661827063
75106,41209,2153095.58639283,55080.0,0.019139419661827063
75106,41209,2153095.58639283,49480.0,0.019139419661827063
75106,41209,2153095.58639283,47530.0,0.019139419661827063
75106,41209,2153095.58639283,46240.0,0.019139419661827063
75106,41209,2153095.58639283,43520.0,0.019139419661827063
75106,41209,2153095.58639283,38730.0,0.019139419661827063
75106,41209,2153095.58639283,46460.0,0.019139419661827063
75106,41209,2153095.58639283,52690.0,0.019139419661827063
75106,41209,2153095.58639283,42460.0,0.019139419661827063
75106,41209,2153095.58639283,42230.0,0.019139419661827063
75107,48898,4090057.18546976,58940.0,0.011955334065673671
75107,48898,4090057.18546976,56410.0,0.011955334065673671
75107,48898,4090057.18546976,51770.0,0.011955334065673671
75107,48898,4090057.18546976,50740.0,0.011955334065673671
75107,48898,4090057.18546976,47800.0,0.011955334065673671
75107,48898,4090057.18546976,50600.0,0.011955334065673671
75107,48898,4090057.18546976,52930.0,0.011955334065673671
75107,48898,4090057.18546976,54680.0,0.011955334065673671
75107,48898,4090057.18546976,57650.0,0.011955334065673671
75107,48898,4090057.18546976,47180.0,0.011955334065673671
75107,48898,4090057.18546976,47750.0,0.011955334065673671
75107,48898,4090057.18546976,64570.0,0.011955334065673671
75107,48898,4090057.18546976,54100.0,0.011955334065673671
75107,48898,4090057.18546976,65060.0,0.011955334065673671
75107,48898,4090057.18546976,43360.0,0.011955334065673671
75107,48898,4090057.18546976,46030.0,0.011955334065673671
75107,48898,4090057.18546976,47170.0,0.011955334065673671
75107,48898,4090057.18546976,36270.0,0.011955334065673671
75107,48898,4090057.18546976,41870.0,0.011955334065673671
75107,48898,4090057.18546976,38460.0,0.011955334065673671
75107,48898,4090057.18546976,73040.0,0.011955334065673671
75107,48898,4090057.18546976,70840.0,0.011955334065673671
75107,48898,4090057.18546976,58120.0,0.011955334065673671
75107,48898,4090057.18546976,50190.0,0.011955334065673671
75107,48898,4090057.18546976,42750.0,0.011955334065673671
75107,48898,4090057.18546976,63190.0,0.011955334065673671
75108,35936,3880036.39704363,52660.0,0.00926176878840137
75108,35936,3880036.39704363,51940.0,0.00926176878840137
75108,35936,3880036.39704363,41710.0,0.00926176878840137
75108,35936,3880036.39704363,33050.0,0.00926176878840137
75108,35936,3880036.39704363,51550.0,0.00926176878840137
75108,35936,3880036.39704363,49240.0,0.00926176878840137
75108,35936,3880036.39704363,48670.0,0.00926176878840137
75108,35936,3880036.39704363,57860.0,0.00926176878840137
75108,35936,3880036.39704363,60210.0,0.00926176878840137
75108,35936,3880036.39704363,60730.0,0.00926176878840137
75108,35936,3880036.39704363,57190.0,0.00926176878840137
75108,35936,3880036.39704363,45960.0,0.00926176878840137
75108,35936,3880036.39704363,53590.0,0.00926176878840137
75108,35936,3880036.39704363,50190.0,0.00926176878840137
75108,35936,3880036.39704363,57020.0,0.00926176878840137
75109,59023,2178303.27487137,42960.0,0.02709585973674182
75109,59023,2178303.27487137,48390.0,0.02709585973674182
75109,59023,2178303.27487137,41690.0,0.02709585973674182
75109,59023,2178303.27487137,51620.0,0.02709585973674182
75109,59023,2178303.27487137,48720.0,0.02709585973674182
75109,59023,2178303.27487137,41850.0,0.02709585973674182
75109,59023,2178303.27487137,42090.0,0.02709585973674182
75109,59023,2178303.27487137,32410.0,0.02709585973674182
75109,59023,2178303.27487137,34200.0,0.02709585973674182
75109,59023,2178303.27487137,45320.0,0.02709585973674182
75109,59023,2178303.27487137,42930.0,0.02709585973674182
75109,59023,2178303.27487137,39880.0,0.02709585973674182
75109,59023,2178303.27487137,31430.0,0.02709585973674182
75109,59023,2178303.27487137,37460.0,0.02709585973674182
75109,59023,2178303.27487137,40210.0,0.02709585973674182
75109,59023,2178303.27487137,41740.0,0.02709585973674182
75109,59023,2178303.27487137,37330.0,0.02709585973674182
75109,59023,2178303.27487137,36590.0,0.02709585973674182
75109,59023,2178303.27487137,32750.0,0.02709585973674182
75109,59023,2178303.27487137,39620.0,0.02709585973674182
75109,59023,2178303.27487137,38990.0,0.02709585973674182
75109,59023,2178303.27487137,39980.0,0.02709585973674182
75109,59023,2178303.27487137,34510.0,0.02709585973674182
75109,59023,2178303.27487137,41970.0,0.02709585973674182
75109,59023,2178303.27487137,38110.0,0.02709585973674182
75109,59023,2178303.27487137,35280.0,0.02709585973674182
75110,82348,2891739.44162064,32000.0,0.028476977840662252
75110,82348,2891739.44162064,27790.0,0.028476977840662252
75110,82348,2891739.44162064,30180.0,0.028476977840662252
75110,82348,2891739.44162064,38750.0,0.028476977840662252
75110,82348,2891739.44162064,40920.0,0.028476977840662252
75110,82348,2891739.44162064,33950.0,0.028476977840662252
75110,82348,2891739.44162064,28000.0,0.028476977840662252
75110,82348,2891739.44162064,30270.0,0.028476977840662252
75110,82348,2891739.44162064,26500.0,0.028476977840662252
75110,82348,2891739.44162064,30250.0,0.028476977840662252
75110,82348,2891739.44162064,22160.0,0.028476977840662252
75110,82348,2891739.44162064,34820.0,0.028476977840662252
75110,82348,2891739.44162064,32580.0,0.028476977840662252
75110,82348,2891739.44162064,30670.0,0.028476977840662252
75110,82348,2891739.44162064,35680.0,0.028476977840662252
75110,82348,2891739.44162064,30120.0,0.028476977840662252
75110,82348,2891739.44162064,38220.0,0.028476977840662252
75110,82348,2891739.44162064,35190.0,0.028476977840662252
75110,82348,2891739.44162064,34220.0,0.028476977840662252
75110,82348,2891739.44162064,32230.0,0.028476977840662252
75110,82348,2891739.44162064,31080.0,0.028476977840662252
75110,82348,2891739.44162064,29340.0,0.028476977840662252
75110,82348,2891739.44162064,29820.0,0.028476977840662252
75110,82348,2891739.44162064,28990.0,0.028476977840662252
75110,82348,2891739.44162064,33140.0,0.028476977840662252
75110,82348,2891739.44162064,19880.0,0.028476977840662252
75110,82348,2891739.44162064,20300.0,0.028476977840662252
75110,82348,2891739.44162064,26960.0,0.028476977840662252
75110,82348,2891739.44162064,22350.0,0.028476977840662252
75110,82348,2891739.44162064,18190.0,0.028476977840662252
75110,82348,2891739.44162064,25860.0,0.028476977840662252
75110,82348,2891739.44162064,23370.0,0.028476977840662252
75110,82348,2891739.44162064,25470.0,0.028476977840662252
75110,82348,2891739.44162064,30580.0,0.028476977840662252
75110,82348,2891739.44162064,23130.0,0.028476977840662252
75110,82348,2891739.44162064,22300.0,0.028476977840662252
75111,140759,3665441.55248808,24760.0,0.03840164901946223
75111,140759,3665441.55248808,24670.0,0.03840164901946223
75111,140759,3665441.55248808,28700.0,0.03840164901946223
75111,140759,3665441.55248808,34570.0,0.03840164901946223
75111,140759,3665441.55248808,36870.0,0.03840164901946223
75111,140759,3665441.55248808,35820.0,0.03840164901946223
75111,140759,3665441.55248808,35460.0,0.03840164901946223
75111,140759,3665441.55248808,31320.0,0.03840164901946223
75111,140759,3665441.55248808,23360.0,0.03840164901946223
75111,140759,3665441.55248808,18670.0,0.03840164901946223
75111,140759,3665441.55248808,17150.0,0.03840164901946223
75111,140759,3665441.55248808,10830.0,0.03840164901946223
75111,140759,3665441.55248808,27100.0,0.03840164901946223
75111,140759,3665441.55248808,30890.0,0.03840164901946223
75111,140759,3665441.55248808,35080.0,0.03840164901946223
75111,140759,3665441.55248808,24790.0,0.03840164901946223
75111,140759,3665441.55248808,30560.0,0.03840164901946223
75111,140759,3665441.55248808,35120.0,0.03840164901946223
75111,140759,3665441.55248808,28340.0,0.03840164901946223
75111,140759,3665441.55248808,34840.0,0.03840164901946223
75111,140759,3665441.55248808,34370.0,0.03840164901946223
75111,140759,3665441.55248808,38460.0,0.03840164901946223
75111,140759,3665441.55248808,41440.0,0.03840164901946223
75111,140759,3665441.55248808,32470.0,0.03840164901946223
75111,140759,3665441.55248808,30840.0,0.03840164901946223
75111,140759,3665441.55248808,32490.0,0.03840164901946223
75111,140759,3665441.55248808,38810.0,0.03840164901946223
75111,140759,3665441.55248808,35250.0,0.03840164901946223
75111,140759,3665441.55248808,28730.0,0.03840164901946223
75111,140759,3665441.55248808,22920.0,0.03840164901946223
75111,140759,3665441.55248808,31450.0,0.03840164901946223
75111,140759,3665441.55248808,18080.0,0.03840164901946223
75111,140759,3665441.55248808,28690.0,0.03840164901946223
75111,140759,3665441.55248808,25740.0,0.03840164901946223
75111,140759,3665441.55248808,27670.0,0.03840164901946223
75111,140759,3665441.55248808,29360.0,0.03840164901946223
75111,140759,3665441.55248808,27670.0,0.03840164901946223
75111,140759,3665441.55248808,30430.0,0.03840164901946223
75111,140759,3665441.55248808,37640.0,0.03840164901946223
75111,140759,3665441.55248808,31290.0,0.03840164901946223
75111,140759,3665441.55248808,37040.0,0.03840164901946223
75111,140759,3665441.55248808,37660.0,0.03840164901946223
75111,140759,3665441.55248808,32800.0,0.03840164901946223
75111,140759,3665441.55248808,30460.0,0.03840164901946223
75111,140759,3665441.55248808,30150.0,0.03840164901946223
75111,140759,3665441.55248808,32920.0,0.03840164901946223
75111,140759,3665441.55248808,31730.0,0.03840164901946223
75111,140759,3665441.55248808,24140.0,0.03840164901946223
75111,140759,3665441.55248808,26550.0,0.03840164901946223
75111,140759,3665441.55248808,28880.0,0.03840164901946223
75111,140759,3665441.55248808,37340.0,0.03840164901946223
75111,140759,3665441.55248808,34310.0,0.03840164901946223
75111,140759,3665441.55248808,32100.0,0.03840164901946223
75111,140759,3665441.55248808,35720.0,0.03840164901946223
75111,140759,3665441.55248808,29910.0,0.03840164901946223
75111,140759,3665441.55248808,32940.0,0.03840164901946223
75111,140759,3665441.55248808,33330.0,0.03840164901946223
75111,140759,3665441.55248808,34570.0,0.03840164901946223
75111,140759,3665441.55248808,30830.0,0.03840164901946223
75111,140759,3665441.55248808,31300.0,0.03840164901946223
75111,140759,3665441.55248808,29770.0,0.03840164901946223
75111,140759,3665441.55248808,31600.0,0.03840164901946223
75111,140759,3665441.55248808,37600.0,0.03840164901946223
75112,140701,16314782.6372674,20940.0,0.00862414186742523
75112,140701,16314782.6372674,34360.0,0.00862414186742523
75112,140701,16314782.6372674,31210.0,0.00862414186742523
75112,140701,16314782.6372674,34060.0,0.00862414186742523
75112,140701,16314782.6372674,35090.0,0.00862414186742523
75112,140701,16314782.6372674,36850.0,0.00862414186742523
75112,140701,16314782.6372674,30990.0,0.00862414186742523
75112,140701,16314782.6372674,35150.0,0.00862414186742523
75112,140701,16314782.6372674,30270.0,0.00862414186742523
75112,140701,16314782.6372674,18350.0,0.00862414186742523
75112,140701,16314782.6372674,16670.0,0.00862414186742523
75112,140701,16314782.6372674,31150.0,0.00862414186742523
75112,140701,16314782.6372674,34600.0,0.00862414186742523
75112,140701,16314782.6372674,39050.0,0.00862414186742523
75112,140701,16314782.6372674,29380.0,0.00862414186742523
75112,140701,16314782.6372674,31380.0,0.00862414186742523
75112,140701,16314782.6372674,36070.0,0.00862414186742523
75112,140701,16314782.6372674,22080.0,0.00862414186742523
75112,140701,16314782.6372674,29270.0,0.00862414186742523
75112,140701,16314782.6372674,24230.0,0.00862414186742523
75112,140701,16314782.6372674,34640.0,0.00862414186742523
75112,140701,16314782.6372674,18230.0,0.00862414186742523
75112,140701,16314782.6372674,36370.0,0.00862414186742523
75112,140701,16314782.6372674,36190.0,0.00862414186742523
75112,140701,16314782.6372674,33750.0,0.00862414186742523
75112,140701,16314782.6372674,28850.0,0.00862414186742523
75112,140701,16314782.6372674,37780.0,0.00862414186742523
75112,140701,16314782.6372674,32450.0,0.00862414186742523
75112,140701,16314782.6372674,35570.0,0.00862414186742523
75112,140701,16314782.6372674,35010.0,0.00862414186742523
75112,140701,16314782.6372674,36400.0,0.00862414186742523
75112,140701,16314782.6372674,28030.0,0.00862414186742523
75112,140701,16314782.6372674,31130.0,0.00862414186742523
75112,140701,16314782.6372674,33370.0,0.00862414186742523
75112,140701,16314782.6372674,18440.0,0.00862414186742523
75112,140701,16314782.6372674,39700.0,0.00862414186742523
75112,140701,16314782.6372674,42060.0,0.00862414186742523
75112,140701,16314782.6372674,29610.0,0.00862414186742523
75112,140701,16314782.6372674,28390.0,0.00862414186742523
75112,140701,16314782.6372674,26240.0,0.00862414186742523
75112,140701,16314782.6372674,30540.0,0.00862414186742523
75112,140701,16314782.6372674,24340.0,0.00862414186742523
75112,140701,16314782.6372674,27670.0,0.00862414186742523
75112,140701,16314782.6372674,26330.0,0.00862414186742523
75112,140701,16314782.6372674,44600.0,0.00862414186742523
75112,140701,16314782.6372674,40900.0,0.00862414186742523
75112,140701,16314782.6372674,34180.0,0.00862414186742523
75112,140701,16314782.6372674,37820.0,0.00862414186742523
75112,140701,16314782.6372674,32850.0,0.00862414186742523
75112,140701,16314782.6372674,40150.0,0.00862414186742523
75112,140701,16314782.6372674,32920.0,0.00862414186742523
75112,140701,16314782.6372674,34450.0,0.00862414186742523
75112,140701,16314782.6372674,15080.0,0.00862414186742523
75113,178809,7149311.09107136,23780.0,0.025010661547979245
75113,178809,7149311.09107136,23560.0,0.025010661547979245
75113,178809,7149311.09107136,31290.0,0.025010661547979245
75113,178809,7149311.09107136,18910.0,0.025010661547979245
75113,178809,7149311.09107136,34540.0,0.025010661547979245
75113,178809,7149311.09107136,36380.0,0.025010661547979245
75113,178809,7149311.09107136,31710.0,0.025010661547979245
75113,178809,7149311.09107136,17160.0,0.025010661547979245
75113,178809,7149311.09107136,14260.0,0.025010661547979245
75113,178809,7149311.09107136,18350.0,0.025010661547979245
75113,178809,7149311.09107136,14470.0,0.025010661547979245
75113,178809,7149311.09107136,22430.0,0.025010661547979245
75113,178809,7149311.09107136,25700.0,0.025010661547979245
75113,178809,7149311.09107136,22250.0,0.025010661547979245
75113,178809,7149311.09107136,20060.0,0.025010661547979245
75113,178809,7149311.09107136,22600.0,0.025010661547979245
75113,178809,7149311.09107136,28060.0,0.025010661547979245
75113,178809,7149311.09107136,27350.0,0.025010661547979245
75113,178809,7149311.09107136,24620.0,0.025010661547979245
75113,178809,7149311.09107136,14060.0,0.025010661547979245
75113,178809,7149311.09107136,32300.0,0.025010661547979245
75113,178809,7149311.09107136,22780.0,0.025010661547979245
75113,178809,7149311.09107136,19640.0,0.025010661547979245
75113,178809,7149311.09107136,28490.0,0.025010661547979245
75113,178809,7149311.09107136,27470.0,0.025010661547979245
75113,178809,7149311.09107136,27870.0,0.025010661547979245
75113,178809,7149311.09107136,28710.0,0.025010661547979245
75113,178809,7149311.09107136,27790.0,0.025010661547979245
75113,178809,7149311.09107136,30500.0,0.025010661547979245
75113,178809,7149311.09107136,25650.0,0.025010661547979245
75113,178809,7149311.09107136,18020.0,0.025010661547979245
75113,178809,7149311.09107136,16120.0,0.025010661547979245
75113,178809,7149311.09107136,25460.0,0.025010661547979245
75113,178809,7149311.09107136,23250.0,0.025010661547979245
75113,178809,7149311.09107136,21970.0,0.025010661547979245
75113,178809,7149311.09107136,19940.0,0.025010661547979245
75113,178809,7149311.09107136,17100.0,0.025010661547979245
75113,178809,7149311.09107136,20890.0,0.025010661547979245
75113,178809,7149311.09107136,22990.0,0.025010661547979245
75113,178809,7149311.09107136,22490.0,0.025010661547979245
75113,178809,7149311.09107136,32380.0,0.025010661547979245
75113,178809,7149311.09107136,24210.0,0.025010661547979245
75113,178809,7149311.09107136,23690.0,0.025010661547979245
75113,178809,7149311.09107136,15140.0,0.025010661547979245
75113,178809,7149311.09107136,18520.0,0.025010661547979245
75113,178809,7149311.09107136,25110.0,0.025010661547979245
75113,178809,7149311.09107136,21550.0,0.025010661547979245
75113,178809,7149311.09107136,33420.0,0.025010661547979245
75113,178809,7149311.09107136,31770.0,0.025010661547979245
75113,178809,7149311.09107136,29660.0,0.025010661547979245
75113,178809,7149311.09107136,34600.0,0.025010661547979245
75113,178809,7149311.09107136,34150.0,0.025010661547979245
75113,178809,7149311.09107136,26990.0,0.025010661547979245
75113,178809,7149311.09107136,32710.0,0.025010661547979245
75113,178809,7149311.09107136,17650.0,0.025010661547979245
75113,178809,7149311.09107136,33320.0,0.025010661547979245
75113,178809,7149311.09107136,33120.0,0.025010661547979245
75113,178809,7149311.09107136,37040.0,0.025010661547979245
75113,178809,7149311.09107136,30450.0,0.025010661547979245
75113,178809,7149311.09107136,37540.0,0.025010661547979245
75113,178809,7149311.09107136,27030.0,0.025010661547979245
75113,178809,7149311.09107136,35590.0,0.025010661547979245
75113,178809,7149311.09107136,23930.0,0.025010661547979245
75113,178809,7149311.09107136,39270.0,0.025010661547979245
75113,178809,7149311.09107136,29210.0,0.025010661547979245
75113,178809,7149311.09107136,33990.0,0.025010661547979245
75113,178809,7149311.09107136,39330.0,0.025010661547979245
75113,178809,7149311.09107136,38030.0,0.025010661547979245
75114,138518,5614877.30907921,35160.0,0.024669817767169647
75114,138518,5614877.30907921,44700.0,0.024669817767169647
75114,138518,5614877.30907921,37210.0,0.024669817767169647
75114,138518,5614877.30907921,32760.0,0.024669817767169647
75114,138518,5614877.30907921,42170.0,0.024669817767169647
75114,138518,5614877.30907921,40260.0,0.024669817767169647
75114,138518,5614877.30907921,41350.0,0.024669817767169647
75114,138518,5614877.30907921,33940.0,0.024669817767169647
75114,138518,5614877.30907921,45760.0,0.024669817767169647
75114,138518,5614877.30907921,42740.0,0.024669817767169647
75114,138518,5614877.30907921,39880.0,0.024669817767169647
75114,138518,5614877.30907921,30630.0,0.024669817767169647
75114,138518,5614877.30907921,31840.0,0.024669817767169647
75114,138518,5614877.30907921,30270.0,0.024669817767169647
75114,138518,5614877.30907921,44080.0,0.024669817767169647
75114,138518,5614877.30907921,18840.0,0.024669817767169647
75114,138518,5614877.30907921,26490.0,0.024669817767169647
75114,138518,5614877.30907921,15430.0,0.024669817767169647
75114,138518,5614877.30907921,35990.0,0.024669817767169647
75114,138518,5614877.30907921,27150.0,0.024669817767169647
75114,138518,5614877.30907921,40420.0,0.024669817767169647
75114,138518,5614877.30907921,38430.0,0.024669817767169647
75114,138518,5614877.30907921,34670.0,0.024669817767169647
75114,138518,5614877.30907921,38790.0,0.024669817767169647
75114,138518,5614877.30907921,38190.0,0.024669817767169647
75114,138518,5614877.30907921,38340.0,0.024669817767169647
75114,138518,5614877.30907921,37470.0,0.024669817767169647
75114,138518,5614877.30907921,36640.0,0.024669817767169647
75114,138518,5614877.30907921,38600.0,0.024669817767169647
75114,138518,5614877.30907921,34580.0,0.024669817767169647
75114,138518,5614877.30907921,38110.0,0.024669817767169647
75114,138518,5614877.30907921,19060.0,0.024669817767169647
75114,138518,5614877.30907921,17160.0,0.024669817767169647
75114,138518,5614877.30907921,13620.0,0.024669817767169647
75114,138518,5614877.30907921,17620.0,0.024669817767169647
75114,138518,5614877.30907921,30100.0,0.024669817767169647
75114,138518,5614877.30907921,27180.0,0.024669817767169647
75114,138518,5614877.30907921,30930.0,0.024669817767169647
75114,138518,5614877.30907921,32630.0,0.024669817767169647
75114,138518,5614877.30907921,16950.0,0.024669817767169647
75114,138518,5614877.30907921,29660.0,0.024669817767169647
75114,138518,5614877.30907921,19620.0,0.024669817767169647
75114,138518,5614877.30907921,35950.0,0.024669817767169647
75114,138518,5614877.30907921,36440.0,0.024669817767169647
75114,138518,5614877.30907921,28290.0,0.024669817767169647
75114,138518,5614877.30907921,30310.0,0.024669817767169647
75114,138518,5614877.30907921,26940.0,0.024669817767169647
75114,138518,5614877.30907921,17380.0,0.024669817767169647
75114,138518,5614877.30907921,20390.0,0.024669817767169647
75114,138518,5614877.30907921,25900.0,0.024669817767169647
75114,138518,5614877.30907921,25000.0,0.024669817767169647
75114,138518,5614877.30907921,26460.0,0.024669817767169647
75114,138518,5614877.30907921,36130.0,0.024669817767169647
75114,138518,5614877.30907921,33280.0,0.024669817767169647
75114,138518,5614877.30907921,38100.0,0.024669817767169647
75114,138518,5614877.30907921,31090.0,0.024669817767169647
75115,230390,8494994.08101075,16520.0,0.02712067810794611
75115,230390,8494994.08101075,23460.0,0.02712067810794611
75115,230390,8494994.08101075,28190.0,0.02712067810794611
75115,230390,8494994.08101075,16970.0,0.02712067810794611
75115,230390,8494994.08101075,27080.0,0.02712067810794611
75115,230390,8494994.08101075,38230.0,0.02712067810794611
75115,230390,8494994.08101075,32560.0,0.02712067810794611
75115,230390,8494994.08101075,32280.0,0.02712067810794611
75115,230390,8494994.08101075,37100.0,0.02712067810794611
75115,230390,8494994.08101075,33090.0,0.02712067810794611
75115,230390,8494994.08101075,36640.0,0.02712067810794611
75115,230390,8494994.08101075,35120.0,0.02712067810794611
75115,230390,8494994.08101075,45200.0,0.02712067810794611
75115,230390,8494994.08101075,36830.0,0.02712067810794611
75115,230390,8494994.08101075,33300.0,0.02712067810794611
75115,230390,8494994.08101075,33230.0,0.02712067810794611
75115,230390,8494994.08101075,35000.0,0.02712067810794611
75115,230390,8494994.08101075,33710.0,0.02712067810794611
75115,230390,8494994.08101075,36000.0,0.02712067810794611
75115,230390,8494994.08101075,33790.0,0.02712067810794611
75115,230390,8494994.08101075,40200.0,0.02712067810794611
75115,230390,8494994.08101075,40100.0,0.02712067810794611
75115,230390,8494994.08101075,38790.0,0.02712067810794611
75115,230390,8494994.08101075,39310.0,0.02712067810794611
75115,230390,8494994.08101075,42320.0,0.02712067810794611
75115,230390,8494994.08101075,30780.0,0.02712067810794611
75115,230390,8494994.08101075,28760.0,0.02712067810794611
75115,230390,8494994.08101075,37480.0,0.02712067810794611
75115,230390,8494994.08101075,41140.0,0.02712067810794611
75115,230390,8494994.08101075,39490.0,0.02712067810794611
75115,230390,8494994.08101075,29170.0,0.02712067810794611
75115,230390,8494994.08101075,15840.0,0.02712067810794611
75115,230390,8494994.08101075,21990.0,0.02712067810794611
75115,230390,8494994.08101075,43490.0,0.02712067810794611
75115,230390,8494994.08101075,42520.0,0.02712067810794611
75115,230390,8494994.08101075,34480.0,0.02712067810794611
75115,230390,8494994.08101075,36700.0,0.02712067810794611
75115,230390,8494994.08101075,43010.0,0.02712067810794611
75115,230390,8494994.08101075,43260.0,0.02712067810794611
75115,230390,8494994.08101075,45170.0,0.02712067810794611
75115,230390,8494994.08101075,30760.0,0.02712067810794611
75115,230390,8494994.08101075,39110.0,0.02712067810794611
75115,230390,8494994.08101075,48810.0,0.02712067810794611
75115,230390,8494994.08101075,56670.0,0.02712067810794611
75115,230390,8494994.08101075,43240.0,0.02712067810794611
75115,230390,8494994.08101075,37330.0,0.02712067810794611
75115,230390,8494994.08101075,45580.0,0.02712067810794611
75115,230390,8494994.08101075,38370.0,0.02712067810794611
75115,230390,8494994.08101075,36650.0,0.02712067810794611
75115,230390,8494994.08101075,41240.0,0.02712067810794611
75115,230390,8494994.08101075,36140.0,0.02712067810794611
75115,230390,8494994.08101075,43640.0,0.02712067810794611
75115,230390,8494994.08101075,40230.0,0.02712067810794611
75115,230390,8494994.08101075,43850.0,0.02712067810794611
75115,230390,8494994.08101075,32880.0,0.02712067810794611
75115,230390,8494994.08101075,36130.0,0.02712067810794611
75115,230390,8494994.08101075,37070.0,0.02712067810794611
75115,230390,8494994.08101075,36320.0,0.02712067810794611
75115,230390,8494994.08101075,40510.0,0.02712067810794611
75115,230390,8494994.08101075,31700.0,0.02712067810794611
75115,230390,8494994.08101075,51530.0,0.02712067810794611
75115,230390,8494994.08101075,47630.0,0.02712067810794611
75115,230390,8494994.08101075,39430.0,0.02712067810794611
75115,230390,8494994.08101075,36260.0,0.02712067810794611
75115,230390,8494994.08101075,39230.0,0.02712067810794611
75115,230390,8494994.08101075,41810.0,0.02712067810794611
75115,230390,8494994.08101075,35090.0,0.02712067810794611
75115,230390,8494994.08101075,17470.0,0.02712067810794611
75115,230390,8494994.08101075,41080.0,0.02712067810794611
75115,230390,8494994.08101075,35650.0,0.02712067810794611
75115,230390,8494994.08101075,33260.0,0.02712067810794611
75115,230390,8494994.08101075,38070.0,0.02712067810794611
75115,230390,8494994.08101075,33640.0,0.02712067810794611
75115,230390,8494994.08101075,28240.0,0.02712067810794611
75115,230390,8494994.08101075,26420.0,0.02712067810794611
75115,230390,8494994.08101075,27900.0,0.02712067810794611
75115,230390,8494994.08101075,30910.0,0.02712067810794611
75115,230390,8494994.08101075,37710.0,0.02712067810794611
75115,230390,8494994.08101075,40030.0,0.02712067810794611
75115,230390,8494994.08101075,24970.0,0.02712067810794611
75115,230390,8494994.08101075,30510.0,0.02712067810794611
75115,230390,8494994.08101075,30490.0,0.02712067810794611
75115,230390,8494994.08101075,32910.0,0.02712067810794611
75115,230390,8494994.08101075,32660.0,0.02712067810794611
75115,230390,8494994.08101075,39260.0,0.02712067810794611
75115,230390,8494994.08101075,40880.0,0.02712067810794611
75115,230390,8494994.08101075,24970.0,0.02712067810794611
75116,161824,16372542.1289739,22070.0,0.009883865237617919
75116,161824,16372542.1289739,29850.0,0.009883865237617919
75116,161824,16372542.1289739,32560.0,0.009883865237617919
75116,161824,16372542.1289739,21540.0,0.009883865237617919
75116,161824,16372542.1289739,38160.0,0.009883865237617919
75116,161824,16372542.1289739,40930.0,0.009883865237617919
75116,161824,16372542.1289739,43700.0,0.009883865237617919
75116,161824,16372542.1289739,25620.0,0.009883865237617919
75116,161824,16372542.1289739,48040.0,0.009883865237617919
75116,161824,16372542.1289739,39080.0,0.009883865237617919
75116,161824,16372542.1289739,45840.0,0.009883865237617919
75116,161824,16372542.1289739,57650.0,0.009883865237617919
75116,161824,16372542.1289739,46840.0,0.009883865237617919
75116,161824,16372542.1289739,31490.0,0.009883865237617919
75116,161824,16372542.1289739,36840.0,0.009883865237617919
75116,161824,16372542.1289739,46880.0,0.009883865237617919
75116,161824,16372542.1289739,44450.0,0.009883865237617919
75116,161824,16372542.1289739,51750.0,0.009883865237617919
75116,161824,16372542.1289739,50540.0,0.009883865237617919
75116,161824,16372542.1289739,51940.0,0.009883865237617919
75116,161824,16372542.1289739,33320.0,0.009883865237617919
75116,161824,16372542.1289739,55330.0,0.009883865237617919
75116,161824,16372542.1289739,55820.0,0.009883865237617919
75116,161824,16372542.1289739,42920.0,0.009883865237617919
75116,161824,16372542.1289739,50190.0,0.009883865237617919
75116,161824,16372542.1289739,52350.0,0.009883865237617919
75116,161824,16372542.1289739,38940.0,0.009883865237617919
75116,161824,16372542.1289739,46160.0,0.009883865237617919
75116,161824,16372542.1289739,36890.0,0.009883865237617919
75116,161824,16372542.1289739,36050.0,0.009883865237617919
75116,161824,16372542.1289739,51860.0,0.009883865237617919
75116,161824,16372542.1289739,44310.0,0.009883865237617919
75116,161824,16372542.1289739,55930.0,0.009883865237617919
75116,161824,16372542.1289739,56880.0,0.009883865237617919
75116,161824,16372542.1289739,58400.0,0.009883865237617919
75116,161824,16372542.1289739,54630.0,0.009883865237617919
75116,161824,16372542.1289739,55730.0,0.009883865237617919
75116,161824,16372542.1289739,58400.0,0.009883865237617919
75116,161824,16372542.1289739,61870.0,0.009883865237617919
75116,161824,16372542.1289739,64810.0,0.009883865237617919
75116,161824,16372542.1289739,51890.0,0.009883865237617919
75116,161824,16372542.1289739,43110.0,0.009883865237617919
75116,161824,16372542.1289739,58110.0,0.009883865237617919
75116,161824,16372542.1289739,49030.0,0.009883865237617919
75116,161824,16372542.1289739,47940.0,0.009883865237617919
75116,161824,16372542.1289739,49970.0,0.009883865237617919
75116,161824,16372542.1289739,53370.0,0.009883865237617919
75116,161824,16372542.1289739,50370.0,0.009883865237617919
75116,161824,16372542.1289739,53820.0,0.009883865237617919
75116,161824,16372542.1289739,47400.0,0.009883865237617919
75116,161824,16372542.1289739,54910.0,0.009883865237617919
75116,161824,16372542.1289739,49990.0,0.009883865237617919
75116,161824,16372542.1289739,41370.0,0.009883865237617919
75116,161824,16372542.1289739,53660.0,0.009883865237617919
75116,161824,16372542.1289739,51780.0,0.009883865237617919
75116,161824,16372542.1289739,48960.0,0.009883865237617919
75116,161824,16372542.1289739,51140.0,0.009883865237617919
75116,161824,16372542.1289739,54960.0,0.009883865237617919
75116,161824,16372542.1289739,44720.0,0.009883865237617919
75116,161824,16372542.1289739,60000.0,0.009883865237617919
75116,161824,16372542.1289739,55280.0,0.009883865237617919
75116,161824,16372542.1289739,49970.0,0.009883865237617919
75116,161824,16372542.1289739,44480.0,0.009883865237617919
75116,161824,16372542.1289739,41680.0,0.009883865237617919
75116,161824,16372542.1289739,45650.0,0.009883865237617919
75116,161824,16372542.1289739,45400.0,0.009883865237617919
75116,161824,16372542.1289739,48910.0,0.009883865237617919
75116,161824,16372542.1289739,49160.0,0.009883865237617919
75116,161824,16372542.1289739,46470.0,0.009883865237617919
75116,161824,16372542.1289739,43510.0,0.009883865237617919
75117,162482,5668834.50445393,44660.0,0.028662329068230866
75117,162482,5668834.50445393,56690.0,0.028662329068230866
75117,162482,5668834.50445393,44010.0,0.028662329068230866
75117,162482,5668834.50445393,48010.0,0.028662329068230866
75117,162482,5668834.50445393,28460.0,0.028662329068230866
75117,162482,5668834.50445393,39620.0,0.028662329068230866
75117,162482,5668834.50445393,45460.0,0.028662329068230866
75117,162482,5668834.50445393,53990.0,0.028662329068230866
75117,162482,5668834.50445393,55840.0,0.028662329068230866
75117,162482,5668834.50445393,45790.0,0.028662329068230866
75117,162482,5668834.50445393,46790.0,0.028662329068230866
75117,162482,5668834.50445393,42540.0,0.028662329068230866
75117,162482,5668834.50445393,45600.0,0.028662329068230866
75117,162482,5668834.50445393,44320.0,0.028662329068230866
75117,162482,5668834.50445393,23400.0,0.028662329068230866
75117,162482,5668834.50445393,51860.0,0.028662329068230866
75117,162482,5668834.50445393,47070.0,0.028662329068230866
75117,162482,5668834.50445393,62400.0,0.028662329068230866
75117,162482,5668834.50445393,54490.0,0.028662329068230866
75117,162482,5668834.50445393,50320.0,0.028662329068230866
75117,162482,5668834.50445393,63780.0,0.028662329068230866
75117,162482,5668834.50445393,53030.0,0.028662329068230866
75117,162482,5668834.50445393,65820.0,0.028662329068230866
75117,162482,5668834.50445393,57180.0,0.028662329068230866
75117,162482,5668834.50445393,55990.0,0.028662329068230866
75117,162482,5668834.50445393,53990.0,0.028662329068230866
75117,162482,5668834.50445393,55140.0,0.028662329068230866
75117,162482,5668834.50445393,44370.0,0.028662329068230866
75117,162482,5668834.50445393,23860.0,0.028662329068230866
75117,162482,5668834.50445393,16640.0,0.028662329068230866
75117,162482,5668834.50445393,15010.0,0.028662329068230866
75117,162482,5668834.50445393,35160.0,0.028662329068230866
75117,162482,5668834.50445393,41340.0,0.028662329068230866
75117,162482,5668834.50445393,36410.0,0.028662329068230866
75117,162482,5668834.50445393,42300.0,0.028662329068230866
75117,162482,5668834.50445393,41160.0,0.028662329068230866
75117,162482,5668834.50445393,42910.0,0.028662329068230866
75117,162482,5668834.50445393,43650.0,0.028662329068230866
75117,162482,5668834.50445393,38690.0,0.028662329068230866
75117,162482,5668834.50445393,40000.0,0.028662329068230866
75117,162482,5668834.50445393,41070.0,0.028662329068230866
75117,162482,5668834.50445393,37100.0,0.028662329068230866
75117,162482,5668834.50445393,42260.0,0.028662329068230866
75117,162482,5668834.50445393,45290.0,0.028662329068230866
75117,162482,5668834.50445393,17800.0,0.028662329068230866
75117,162482,5668834.50445393,43340.0,0.028662329068230866
75117,162482,5668834.50445393,33680.0,0.028662329068230866
75117,162482,5668834.50445393,31900.0,0.028662329068230866
75117,162482,5668834.50445393,38090.0,0.028662329068230866
75117,162482,5668834.50445393,33960.0,0.028662329068230866
75117,162482,5668834.50445393,36120.0,0.028662329068230866
75117,162482,5668834.50445393,28020.0,0.028662329068230866
75117,162482,5668834.50445393,25580.0,0.028662329068230866
75117,162482,5668834.50445393,28880.0,0.028662329068230866
75117,162482,5668834.50445393,30520.0,0.028662329068230866
75117,162482,5668834.50445393,26000.0,0.028662329068230866
75117,162482,5668834.50445393,34220.0,0.028662329068230866
75117,162482,5668834.50445393,28040.0,0.028662329068230866
75117,162482,5668834.50445393,21190.0,0.028662329068230866
75117,162482,5668834.50445393,18780.0,0.028662329068230866
75117,162482,5668834.50445393,17430.0,0.028662329068230866
75117,162482,5668834.50445393,20100.0,0.028662329068230866
75117,162482,5668834.50445393,12320.0,0.028662329068230866
75117,162482,5668834.50445393,13920.0,0.028662329068230866
75118,186541,5996051.30811905,30790.0,0.031110641055958135
75118,186541,5996051.30811905,27780.0,0.031110641055958135
75118,186541,5996051.30811905,32880.0,0.031110641055958135
75118,186541,5996051.30811905,35660.0,0.031110641055958135
75118,186541,5996051.30811905,30610.0,0.031110641055958135
75118,186541,5996051.30811905,31500.0,0.031110641055958135
75118,186541,5996051.30811905,32500.0,0.031110641055958135
75118,186541,5996051.30811905,34550.0,0.031110641055958135
75118,186541,5996051.30811905,32900.0,0.031110641055958135
75118,186541,5996051.30811905,43440.0,0.031110641055958135
75118,186541,5996051.30811905,48800.0,0.031110641055958135
75118,186541,5996051.30811905,36170.0,0.031110641055958135
75118,186541,5996051.30811905,35570.0,0.031110641055958135
75118,186541,5996051.30811905,32190.0,0.031110641055958135
75118,186541,5996051.30811905,26160.0,0.031110641055958135
75118,186541,5996051.30811905,25410.0,0.031110641055958135
75118,186541,5996051.30811905,33970.0,0.031110641055958135
75118,186541,5996051.30811905,31790.0,0.031110641055958135
75118,186541,5996051.30811905,31480.0,0.031110641055958135
75118,186541,5996051.30811905,25290.0,0.031110641055958135
75118,186541,5996051.30811905,25730.0,0.031110641055958135
75118,186541,5996051.30811905,34920.0,0.031110641055958135
75118,186541,5996051.30811905,22440.0,0.031110641055958135
75118,186541,5996051.30811905,19900.0,0.031110641055958135
75118,186541,5996051.30811905,14950.0,0.031110641055958135
75118,186541,5996051.30811905,11600.0,0.031110641055958135
75118,186541,5996051.30811905,11370.0,0.031110641055958135
75118,186541,5996051.30811905,11910.0,0.031110641055958135
75118,186541,5996051.30811905,28200.0,0.031110641055958135
75118,186541,5996051.30811905,31240.0,0.031110641055958135
75118,186541,5996051.30811905,34210.0,0.031110641055958135
75118,186541,5996051.30811905,32760.0,0.031110641055958135
75118,186541,5996051.30811905,31020.0,0.031110641055958135
75118,186541,5996051.30811905,31010.0,0.031110641055958135
75118,186541,5996051.30811905,25520.0,0.031110641055958135
75118,186541,5996051.30811905,41800.0,0.031110641055958135
75118,186541,5996051.30811905,32360.0,0.031110641055958135
75118,186541,5996051.30811905,28700.0,0.031110641055958135
75118,186541,5996051.30811905,34280.0,0.031110641055958135
75118,186541,5996051.30811905,36360.0,0.031110641055958135
75118,186541,5996051.30811905,35720.0,0.031110641055958135
75118,186541,5996051.30811905,26590.0,0.031110641055958135
75118,186541,5996051.30811905,30610.0,0.031110641055958135
75118,186541,5996051.30811905,28640.0,0.031110641055958135
75118,186541,5996051.30811905,20120.0,0.031110641055958135
75118,186541,5996051.30811905,19740.0,0.031110641055958135
75118,186541,5996051.30811905,23660.0,0.031110641055958135
75118,186541,5996051.30811905,23050.0,0.031110641055958135
75118,186541,5996051.30811905,28110.0,0.031110641055958135
75118,186541,5996051.30811905,31390.0,0.031110641055958135
75118,186541,5996051.30811905,15520.0,0.031110641055958135
75118,186541,5996051.30811905,26810.0,0.031110641055958135
75118,186541,5996051.30811905,26930.0,0.031110641055958135
75118,186541,5996051.30811905,22140.0,0.031110641055958135
75118,186541,5996051.30811905,12270.0,0.031110641055958135
75118,186541,5996051.30811905,21890.0,0.031110641055958135
75118,186541,5996051.30811905,12490.0,0.031110641055958135
75118,186541,5996051.30811905,12630.0,0.031110641055958135
75118,186541,5996051.30811905,18100.0,0.031110641055958135
75118,186541,5996051.30811905,16730.0,0.031110641055958135
75118,186541,5996051.30811905,17130.0,0.031110641055958135
75118,186541,5996051.30811905,18160.0,0.031110641055958135
75118,186541,5996051.30811905,16460.0,0.031110641055958135
75118,186541,5996051.30811905,16490.0,0.031110641055958135
75118,186541,5996051.30811905,16430.0,0.031110641055958135
75118,186541,5996051.30811905,15110.0,0.031110641055958135
75118,186541,5996051.30811905,19470.0,0.031110641055958135
75118,186541,5996051.30811905,22370.0,0.031110641055958135
75118,186541,5996051.30811905,23000.0,0.031110641055958135
75118,186541,5996051.30811905,20490.0,0.031110641055958135
75118,186541,5996051.30811905,18710.0,0.031110641055958135
75118,186541,5996051.30811905,17610.0,0.031110641055958135
75118,186541,5996051.30811905,14520.0,0.031110641055958135
75118,186541,5996051.30811905,11750.0,0.031110641055958135
75119,179247,6792651.12902648,21040.0,0.02638837128467241
75119,179247,6792651.12902648,22140.0,0.02638837128467241
75119,179247,6792651.12902648,23280.0,0.02638837128467241
75119,179247,6792651.12902648,23660.0,0.02638837128467241
75119,179247,6792651.12902648,26040.0,0.02638837128467241
75119,179247,6792651.12902648,12690.0,0.02638837128467241
75119,179247,6792651.12902648,13520.0,0.02638837128467241
75119,179247,6792651.12902648,10550.0,0.02638837128467241
75119,179247,6792651.12902648,20400.0,0.02638837128467241
75119,179247,6792651.12902648,14850.0,0.02638837128467241
75119,179247,6792651.12902648,24820.0,0.02638837128467241
75119,179247,6792651.12902648,16340.0,0.02638837128467241
75119,179247,6792651.12902648,23750.0,0.02638837128467241
75119,179247,6792651.12902648,17480.0,0.02638837128467241
75119,179247,6792651.12902648,22020.0,0.02638837128467241
75119,179247,6792651.12902648,21510.0,0.02638837128467241
75119,179247,6792651.12902648,15220.0,0.02638837128467241
75119,179247,6792651.12902648,15800.0,0.02638837128467241
75119,179247,6792651.12902648,24290.0,0.02638837128467241
75119,179247,6792651.12902648,18460.0,0.02638837128467241
75119,179247,6792651.12902648,22620.0,0.02638837128467241
75119,179247,6792651.12902648,16200.0,0.02638837128467241
75119,179247,6792651.12902648,17430.0,0.02638837128467241
75119,179247,6792651.12902648,14140.0,0.02638837128467241
75119,179247,6792651.12902648,13270.0,0.02638837128467241
75119,179247,6792651.12902648,14640.0,0.02638837128467241
75119,179247,6792651.12902648,12820.0,0.02638837128467241
75119,179247,6792651.12902648,25410.0,0.02638837128467241
75119,179247,6792651.12902648,19040.0,0.02638837128467241
75119,179247,6792651.12902648,21960.0,0.02638837128467241
75119,179247,6792651.12902648,23060.0,0.02638837128467241
75119,179247,6792651.12902648,20160.0,0.02638837128467241
75119,179247,6792651.12902648,14960.0,0.02638837128467241
75119,179247,6792651.12902648,22460.0,0.02638837128467241
75119,179247,6792651.12902648,30860.0,0.02638837128467241
75119,179247,6792651.12902648,24810.0,0.02638837128467241
75119,179247,6792651.12902648,30610.0,0.02638837128467241
75119,179247,6792651.12902648,14870.0,0.02638837128467241
75119,179247,6792651.12902648,21520.0,0.02638837128467241
75119,179247,6792651.12902648,21180.0,0.02638837128467241
75119,179247,6792651.12902648,12810.0,0.02638837128467241
75119,179247,6792651.12902648,16520.0,0.02638837128467241
75119,179247,6792651.12902648,37210.0,0.02638837128467241
75119,179247,6792651.12902648,33440.0,0.02638837128467241
75119,179247,6792651.12902648,12980.0,0.02638837128467241
75119,179247,6792651.12902648,15470.0,0.02638837128467241
75119,179247,6792651.12902648,12150.0,0.02638837128467241
75119,179247,6792651.12902648,14480.0,0.02638837128467241
75119,179247,6792651.12902648,22250.0,0.02638837128467241
75119,179247,6792651.12902648,23070.0,0.02638837128467241
75119,179247,6792651.12902648,26640.0,0.02638837128467241
75119,179247,6792651.12902648,27240.0,0.02638837128467241
75119,179247,6792651.12902648,28410.0,0.02638837128467241
75119,179247,6792651.12902648,28310.0,0.02638837128467241
75119,179247,6792651.12902648,30440.0,0.02638837128467241
75119,179247,6792651.12902648,32770.0,0.02638837128467241
75119,179247,6792651.12902648,31550.0,0.02638837128467241
75119,179247,6792651.12902648,19240.0,0.02638837128467241
75119,179247,6792651.12902648,18660.0,0.02638837128467241
75119,179247,6792651.12902648,34480.0,0.02638837128467241
75119,179247,6792651.12902648,22140.0,0.02638837128467241
75119,179247,6792651.12902648,29620.0,0.02638837128467241
75119,179247,6792651.12902648,13970.0,0.02638837128467241
75119,179247,6792651.12902648,29030.0,0.02638837128467241
75119,179247,6792651.12902648,32390.0,0.02638837128467241
75119,179247,6792651.12902648,28150.0,0.02638837128467241
75119,179247,6792651.12902648,26220.0,0.02638837128467241
75119,179247,6792651.12902648,30490.0,0.02638837128467241
75119,179247,6792651.12902648,17920.0,0.02638837128467241
75120,188575,5983446.03718297,22380.0,0.03151611944490467
75120,188575,5983446.03718297,28720.0,0.03151611944490467
75120,188575,5983446.03718297,17550.0,0.03151611944490467
75120,188575,5983446.03718297,24000.0,0.03151611944490467
75120,188575,5983446.03718297,18900.0,0.03151611944490467
75120,188575,5983446.03718297,26270.0,0.03151611944490467
75120,188575,5983446.03718297,23790.0,0.03151611944490467
75120,188575,5983446.03718297,15070.0,0.03151611944490467
75120,188575,5983446.03718297,13910.0,0.03151611944490467
75120,188575,5983446.03718297,19140.0,0.03151611944490467
75120,188575,5983446.03718297,19100.0,0.03151611944490467
75120,188575,5983446.03718297,26510.0,0.03151611944490467
75120,188575,5983446.03718297,18750.0,0.03151611944490467
75120,188575,5983446.03718297,29650.0,0.03151611944490467
75120,188575,5983446.03718297,15760.0,0.03151611944490467
75120,188575,5983446.03718297,27120.0,0.03151611944490467
75120,188575,5983446.03718297,11930.0,0.03151611944490467
75120,188575,5983446.03718297,12880.0,0.03151611944490467
75120,188575,5983446.03718297,29970.0,0.03151611944490467
75120,188575,5983446.03718297,25370.0,0.03151611944490467
75120,188575,5983446.03718297,32340.0,0.03151611944490467
75120,188575,5983446.03718297,23510.0,0.03151611944490467
75120,188575,5983446.03718297,28290.0,0.03151611944490467
75120,188575,5983446.03718297,16900.0,0.03151611944490467
75120,188575,5983446.03718297,24260.0,0.03151611944490467
75120,188575,5983446.03718297,29970.0,0.03151611944490467
75120,188575,5983446.03718297,17540.0,0.03151611944490467
75120,188575,5983446.03718297,20120.0,0.03151611944490467
75120,188575,5983446.03718297,23230.0,0.03151611944490467
75120,188575,5983446.03718297,28080.0,0.03151611944490467
75120,188575,5983446.03718297,28220.0,0.03151611944490467
75120,188575,5983446.03718297,31450.0,0.03151611944490467
75120,188575,5983446.03718297,28950.0,0.03151611944490467
75120,188575,5983446.03718297,30850.0,0.03151611944490467
75120,188575,5983446.03718297,29320.0,0.03151611944490467
75120,188575,5983446.03718297,16480.0,0.03151611944490467
75120,188575,5983446.03718297,22640.0,0.03151611944490467
75120,188575,5983446.03718297,16490.0,0.03151611944490467
75120,188575,5983446.03718297,31110.0,0.03151611944490467
75120,188575,5983446.03718297,15020.0,0.03151611944490467
75120,188575,5983446.03718297,21580.0,0.03151611944490467
75120,188575,5983446.03718297,27240.0,0.03151611944490467
75120,188575,5983446.03718297,33640.0,0.03151611944490467
75120,188575,5983446.03718297,32120.0,0.03151611944490467
75120,188575,5983446.03718297,31210.0,0.03151611944490467
75120,188575,5983446.03718297,22430.0,0.03151611944490467
75120,188575,5983446.03718297,14780.0,0.03151611944490467
75120,188575,5983446.03718297,30520.0,0.03151611944490467
75120,188575,5983446.03718297,23880.0,0.03151611944490467
75120,188575,5983446.03718297,37260.0,0.03151611944490467
75120,188575,5983446.03718297,30500.0,0.03151611944490467
75120,188575,5983446.03718297,33510.0,0.03151611944490467
75120,188575,5983446.03718297,19690.0,0.03151611944490467
75120,188575,5983446.03718297,14660.0,0.03151611944490467
75120,188575,5983446.03718297,13390.0,0.03151611944490467
75120,188575,5983446.03718297,16580.0,0.03151611944490467
75120,188575,5983446.03718297,13490.0,0.03151611944490467
75120,188575,5983446.03718297,18300.0,0.03151611944490467
75120,188575,5983446.03718297,23920.0,0.03151611944490467
75120,188575,5983446.03718297,24000.0,0.03151611944490467
75120,188575,5983446.03718297,30910.0,0.03151611944490467
75120,188575,5983446.03718297,22070.0,0.03151611944490467
75120,188575,5983446.03718297,23530.0,0.03151611944490467
75120,188575,5983446.03718297,19350.0,0.03151611944490467
75120,188575,5983446.03718297,18670.0,0.03151611944490467
75120,188575,5983446.03718297,12210.0,0.03151611944490467
75120,188575,5983446.03718297,13540.0,0.03151611944490467
75120,188575,5983446.03718297,20370.0,0.03151611944490467
75120,188575,5983446.03718297,22300.0,0.03151611944490467
75120,188575,5983446.03718297,26250.0,0.03151611944490467
75120,188575,5983446.03718297,25100.0,0.03151611944490467
75120,188575,5983446.03718297,30240.0,0.03151611944490467
