Arrondissement;nb_ventes_2020;prix_median_2020;prix_m2_median_2020;nb_ventes_2021;prix_median_2021;prix_m2_median_2021;nb_ventes_2022;prix_median_2022;prix_m2_median_2022;nb_ventes_2023;prix_median_2023;prix_m2_median_2023;nb_ventes_2024;prix_median_2024;prix_m2_median_2024;nb_ventes_2025;prix_median_2025;prix_m2_median_2025;nb_appartement_2020;pct_appartement_2020;nb_local_industriel._commercial_ou_assimilé_2020;pct_local_industriel._commercial_ou_assimilé_2020;nb_dépendance_2020;pct_dépendance_2020;type_dominant_2020;nb_appartement_2021;pct_appartement_2021;nb_local_industriel._commercial_ou_assimilé_2021;pct_local_industriel._commercial_ou_assimilé_2021;nb_dépendance_2021;pct_dépendance_2021;type_dominant_2021;nb_appartement_2022;pct_appartement_2022;nb_dépendance_2022;pct_dépendance_2022;nb_local_industriel._commercial_ou_assimilé_2022;pct_local_industriel._commercial_ou_assimilé_2022;type_dominant_2022;nb_appartement_2023;pct_appartement_2023;nb_dépendance_2023;pct_dépendance_2023;nb_local_industriel._commercial_ou_assimilé_2023;pct_local_industriel._commercial_ou_assimilé_2023;type_dominant_2023;nb_appartement_2024;pct_appartement_2024;nb_local_industriel._commercial_ou_assimilé_2024;pct_local_industriel._commercial_ou_assimilé_2024;nb_dépendance_2024;pct_dépendance_2024;type_dominant_2024;nb_appartement_2025;pct_appartement_2025;nb_dépendance_2025;pct_dépendance_2025;nb_local_industriel._commercial_ou_assimilé_2025;pct_local_industriel._commercial_ou_assimilé_2025;type_dominant_2025;nb_T1_2020;pct_T1_2020;nb_T2_2020;pct_T2_2020;nb_T3_2020;pct_T3_2020;nb_T4_2020;pct_T4_2020;nb_T5plus_2020;pct_T5plus_2020;nb_maison_2020;pct_maison_2020;nb_T1_2021;pct_T1_2021;nb_T2_2021;pct_T2_2021;nb_T3_2021;pct_T3_2021;nb_T4_2021;pct_T4_2021;nb_T5plus_2021;pct_T5plus_2021;nb_maison_2021;pct_maison_2021;nb_T1_2022;pct_T1_2022;nb_T2_2022;pct_T2_2022;nb_T3_2022;pct_T3_2022;nb_T4_2022;pct_T4_2022;nb_T5plus_2022;pct_T5plus_2022;nb_maison_2022;pct_maison_2022;nb_T1_2023;pct_T1_2023;nb_T2_2023;pct_T2_2023;nb_T3_2023;pct_T3_2023;nb_T4_2023;pct_T4_2023;nb_T5plus_2023;pct_T5plus_2023;nb_maison_2023;pct_maison_2023;nb_T1_2024;pct_T1_2024;nb_T2_2024;pct_T2_2024;nb_T3_2024;pct_T3_2024;nb_T4_2024;pct_T4_2024;nb_T5plus_2024;pct_T5plus_2024;nb_maison_2024;pct_maison_2024;nb_T1_2025;pct_T1_2025;nb_T2_2025;pct_T2_2025;nb_T3_2025;pct_T3_2025;nb_T4_2025;pct_T4_2025;nb_T5plus_2025;pct_T5plus_2025;nb_maison_2025;pct_maison_2025;evolution_prix_2020_2024_pct;evolution_prix_m2_2020_2024_pct;evolution_prix_2020_2021_pct;evolution_prix_m2_2020_2021_pct;evolution_volume_2020_2021_pct;evolution_prix_2021_2022_pct;evolution_prix_m2_2021_2022_pct;evolution_volume_2021_2022_pct;evolution_prix_2022_2023_pct;evolution_prix_m2_2022_2023_pct;evolution_volume_2022_2023_pct;evolution_prix_2023_2024_pct;evolution_prix_m2_2023_2024_pct;evolution_volume_2023_2024_pct;evolution_prix_2024_2025_pct;evolution_prix_m2_2024_2025_pct;evolution_volume_2024_2025_pct;tendance_prix_m2;evolution_annuelle_moyenne_pct;volatilite_prix_m2;nb_appartements_2024;nb_maisons_2024;pct_appartements;nb_pieces_moyen;nb_stations_metro;trafic_total_metro;nb_lignes_metro;lignes_metro;nb_lignes_rer;lignes_rer;no2_moyen;pm10_moyen;o3_moyen;qualite_air_dominante;population_2022;nb_menages_2022;nb_logements_2022;superficie_km2;densite_pop_km2;revenu_median;nb_logements_sociaux_apur;part_logements_sociaux_apur_pct;estimation_logement_social_pct;ratio_effort_achat;indice_accessibilite;indice_tension_sociale;indice_attractivite;indice_pression_immo
1;386;1139060;13511;896;1035000;13514;1090;1060886;13714;877;760000;13341;882;560000;12586;307;565000;12491;218;56.5;111;28.8;57;14.8;Appartement;469;52.3;244;27.2;182;20.3;Appartement;534;49.0;317;29.1;228;20.9;Appartement;422;48.1;240;27.4;147;16.8;Appartement;401;45.5;240;27.2;236;26.8;Appartement;148;48.2;86;28.0;73;23.8;Appartement;75;32.9;73;32.0;34;14.9;20;8.8;26;11.4;0;0.0;139;29.4;133;28.1;124;26.2;30;6.3;44;9.3;0;0.0;152;28.1;164;30.3;107;19.8;51;9.4;66;12.2;0;0.0;131;29.6;143;32.3;83;18.7;46;10.4;39;8.8;0;0.0;105;25.7;120;29.3;93;22.7;31;7.6;59;14.4;0;0.0;50;33.8;38;25.7;27;18.2;21;14.2;12;8.1;0;0.0;-50.8;-6.8;-9.1;0.0;132.1;2.5;1.5;21.7;-28.4;-2.7;-19.5;-26.3;-5.7;0.6;0.9;-0.8;-65.2;Stable;-1.5;2.5;401;0;100.0;2.6;7;33194770;6;1, 4, 7, 14, 11.0, 14.0;2.0;A, B;34.6;31.4;37.0;Moyenne;16266;9050;10200;1.83;8889.0;40750;1307;12.5;Moyen (10-20%);15.44;4.03;7.16;4.26;2.04
2;526;420000;12647;1141;505000;12077;1228;607000;12115;1027;575240;11969;1125;659228;11444;428;680000;11666;299;56.8;185;35.2;42;8.0;Appartement;647;56.7;289;25.3;204;17.9;Appartement;626;51.0;317;25.8;265;21.6;Appartement;537;52.3;222;21.6;264;25.7;Appartement;502;44.6;356;31.6;265;23.6;Appartement;231;54.0;84;19.6;112;26.2;Appartement;133;43.9;97;32.0;42;13.9;20;6.6;11;3.6;0;0.0;260;39.5;232;35.2;102;15.5;41;6.2;23;3.5;0;0.0;227;36.1;220;35.0;117;18.6;48;7.6;17;2.7;0;0.0;203;37.5;202;37.3;71;13.1;39;7.2;26;4.8;0;0.0;194;38.0;176;34.4;76;14.9;46;9.0;17;3.3;0;0.0;90;38.1;84;35.6;45;19.1;11;4.7;6;2.5;0;0.0;57.0;-9.5;20.2;-4.5;116.9;20.2;0.3;7.6;-5.2;-1.2;-16.4;14.6;-4.4;9.5;3.2;1.9;-62.0;Stable;-1.6;2.6;502;0;100.0;2.0;4;10127675;4;3, 4, 8, 9;;;35.2;32.0;37.4;Moyenne;21559;11730;13100;0.99;21777.0;36635;893;6.7;Faible (<10%);15.62;3.76;7.01;1.82;3.75
3;596;494450;12948;1610;650000;12849;1805;600000;12869;1647;588000;12526;1528;620000;12000;606;514625;12115;431;72.3;74;12.4;90;15.1;Appartement;930;57.8;245;15.2;432;26.8;Appartement;1001;55.5;561;31.1;238;13.2;Appartement;861;52.3;567;34.4;219;13.3;Appartement;802;52.5;263;17.2;463;30.3;Appartement;333;55.0;202;33.3;69;11.4;Appartement;145;33.5;145;33.5;86;19.9;37;8.5;20;4.6;0;0.0;276;29.6;320;34.3;185;19.8;107;11.5;45;4.8;2;0.2;335;33.3;316;31.4;198;19.7;99;9.8;56;5.6;0;0.0;279;31.8;289;32.9;174;19.8;87;9.9;49;5.6;0;0.0;275;33.7;297;36.4;135;16.5;69;8.5;40;4.9;0;0.0;121;36.0;105;31.2;61;18.2;31;9.2;17;5.1;0;0.0;25.4;-7.3;31.5;-0.8;170.1;-7.7;0.2;12.1;-2.0;-2.7;-8.8;5.4;-4.2;-7.2;-17.0;1.0;-60.3;Stable;-1.3;1.9;802;0;100.0;2.2;6;12577486;4;3, 4, 8, 11;;;35.1;31.8;37.4;Moyenne;34576;18100;20300;1.17;29552.0;35540;1838;9.0;Faible (<10%);16.88;1.92;7.14;2.19;3.0
4;570;650000;13944;1192;672073;13566;1865;865000;13420;1275;577884;13506;1189;600910;12932;579;636760;12994;398;69.8;74;13.0;98;17.2;Appartement;629;52.8;125;10.5;432;36.2;Appartement;898;48.2;752;40.3;161;8.6;Appartement;637;50.0;495;38.8;137;10.7;Appartement;651;54.8;96;8.1;438;36.8;Appartement;299;51.6;236;40.8;42;7.3;Appartement;146;36.1;126;31.2;81;20.0;32;7.9;18;4.5;0;0.0;196;30.9;199;31.3;117;18.4;51;8.0;71;11.2;0;0.0;285;31.3;286;31.4;180;19.8;105;11.5;53;5.8;1;0.1;203;31.7;228;35.6;114;17.8;44;6.9;50;7.8;0;0.0;201;30.6;192;29.3;122;18.6;69;10.5;69;10.5;0;0.0;94;31.3;95;31.7;51;17.0;36;12.0;23;7.7;0;0.0;-7.6;-7.3;3.4;-2.7;109.1;28.7;-1.1;56.5;-33.2;0.6;-31.6;4.0;-4.2;-6.7;6.0;0.5;-51.3;Stable;-1.4;1.9;651;0;100.0;2.5;6;15966790;4;1, 4, 7, 11;;;35.3;31.8;37.5;Moyenne;28088;14900;16700;1.6;17555.0;35540;2553;14.9;Moyen (10-20%);18.19;0.0;7.13;2.78;2.25
5;664;520000;12933;1769;539000;13000;2335;549884;13166;2203;625000;12716;1914;520000;12000;770;545000;11773;489;73.6;65;9.8;108;16.3;Appartement;1048;59.2;133;7.5;577;32.6;Appartement;1210;51.8;935;40.0;185;7.9;Appartement;1156;52.5;892;40.5;151;6.9;Appartement;1010;52.8;113;5.9;776;40.5;Appartement;384;49.9;298;38.7;83;10.8;Appartement;159;32.1;164;33.1;96;19.4;47;9.5;30;6.0;0;0.0;298;28.0;356;33.5;211;19.8;104;9.8;91;8.6;6;0.6;397;32.1;409;33.1;230;18.6;106;8.6;92;7.4;4;0.3;382;32.6;339;28.9;259;22.1;98;8.4;80;6.8;1;0.1;356;34.7;286;27.9;192;18.7;109;10.6;78;7.6;1;0.1;148;38.3;121;31.3;63;16.3;31;8.0;21;5.4;2;0.5;0.0;-7.2;3.7;0.5;166.4;2.0;1.3;32.0;13.7;-3.4;-5.7;-16.8;-5.6;-13.1;4.8;-1.9;-59.8;Stable;-1.8;2.5;1010;1;99.9;2.3;5;10301086;3;4, 7, 10;1.0;B;34.5;31.6;37.5;Moyenne;58850;29400;33000;2.54;23169.0;38150;3267;9.9;Faible (<10%);15.73;3.6;7.04;1.73;4.18
6;830;855250;15425;2129;1060000;15843;2673;1050500;15485;2295;800000;15486;1955;775000;14981;733;719000;14957;489;58.9;136;16.4;199;24.0;Appartement;1172;55.0;168;7.9;786;36.9;Appartement;1211;45.3;1027;38.4;430;16.1;Appartement;986;43.0;882;38.4;423;18.4;Appartement;990;50.6;161;8.2;796;40.7;Appartement;364;49.7;304;41.5;58;7.9;Appartement;133;26.9;123;24.8;89;18.0;73;14.7;76;15.4;2;0.4;321;27.1;307;25.9;220;18.6;185;15.6;152;12.8;3;0.3;330;26.9;336;27.4;241;19.7;148;12.1;169;13.8;3;0.2;297;29.4;249;24.7;190;18.8;128;12.7;143;14.2;4;0.4;277;27.5;254;25.2;197;19.5;113;11.2;165;16.4;2;0.2;102;27.9;120;32.9;68;18.6;42;11.5;33;9.0;0;0.0;-9.4;-2.9;23.9;2.7;156.5;-0.9;-2.3;25.6;-23.8;0.0;-14.1;-3.1;-3.3;-14.8;-7.2;-0.2;-62.5;Stable;-0.6;2.1;990;2;99.8;2.7;9;17494023;4;4, 7, 10, 12;;;34.1;31.4;37.4;Moyenne;41100;20800;23200;2.15;19116.0;46350;959;3.7;Faible (<10%);16.16;2.97;9.88;3.74;1.49
7;951;1023895;14950;2651;1150000;15119;3775;1200000;15517;2820;1015000;15235;2629;1052200;14620;1246;1095000;15162;504;53.0;83;8.7;362;38.1;Appartement;1251;47.2;174;6.6;1218;45.9;Appartement;1611;42.7;1947;51.6;207;5.5;Dépendance;1215;43.1;1443;51.2;159;5.6;Dépendance;1161;44.2;191;7.3;1272;48.4;Dépendance;580;46.5;586;47.0;76;6.1;Dépendance;125;24.3;115;22.3;97;18.8;69;13.4;106;20.6;1;0.2;248;19.4;320;25.0;229;17.9;180;14.1;300;23.5;5;0.4;334;20.4;381;23.3;274;16.7;225;13.8;422;25.8;8;0.5;245;19.8;307;24.8;271;21.9;159;12.9;254;20.5;3;0.2;262;22.3;299;25.5;210;17.9;172;14.7;230;19.6;5;0.4;111;18.9;122;20.8;113;19.3;81;13.8;158;26.9;2;0.3;2.8;-2.2;12.3;1.1;178.8;4.3;2.6;42.4;-15.4;-1.8;-25.3;3.7;-4.0;-6.8;4.1;3.7;-52.6;Stable;0.3;2.9;1161;4;99.7;3.0;11;19713267;4;8, 10, 12, 13;;;34.9;31.6;37.3;Moyenne;51367;26200;29400;4.09;12559.0;51255;904;2.7;Faible (<10%);14.26;5.75;9.74;3.71;1.22
8;1134;633550;13208;2721;852000;13222;3403;1095000;13137;2397;880000;13272;2797;770000;12500;1022;849000;12318;486;42.9;271;23.9;372;32.8;Appartement;1002;36.8;690;25.4;1019;37.4;Dépendance;1085;31.9;1263;37.1;1029;30.2;Dépendance;777;32.4;1044;43.6;561;23.4;Dépendance;946;33.8;705;25.2;1140;40.8;Dépendance;377;36.9;471;46.1;172;16.8;Dépendance;123;24.8;131;26.5;92;18.6;54;10.9;94;19.0;2;0.4;239;23.5;226;22.2;189;18.6;151;14.9;208;20.5;1;0.1;287;26.2;218;19.9;192;17.6;159;14.5;237;21.7;0;0.0;206;26.0;174;22.0;126;15.9;115;14.5;169;21.4;2;0.3;223;23.2;237;24.6;183;19.0;122;12.7;197;20.5;1;0.1;99;25.4;96;24.7;61;15.7;44;11.3;89;22.9;1;0.3;21.5;-5.4;34.5;0.1;139.9;28.5;-0.6;25.1;-19.6;1.0;-29.6;-12.5;-5.8;16.7;10.3;-1.5;-63.5;Stable;-1.4;2.4;946;1;99.9;3.0;15;72710440;12;1, 2, 3, 6, 8, 9, 12, 13, 14, 13.0, 14.0, 3bis;;;36.0;32.0;37.4;Moyenne;36808;19900;22300;3.88;9487.0;51940;955;3.9;Faible (<10%);12.03;9.02;8.09;8.43;2.51
9;1122;560000;12504;3651;716150;12000;3762;664000;11981;2582;540000;11459;2718;570000;10712;1341;466826;10799;715;63.7;213;19.0;189;16.8;Appartement;1762;48.3;594;16.3;1267;34.7;Appartement;1817;48.3;1418;37.7;503;13.4;Appartement;1231;47.7;1018;39.4;324;12.5;Appartement;1369;50.4;352;13.0;988;36.4;Appartement;610;45.5;493;36.8;238;17.7;Appartement;205;28.5;192;26.7;170;23.6;93;12.9;59;8.2;0;0.0;455;25.3;504;28.0;357;19.8;204;11.3;223;12.4;19;1.1;514;28.0;499;27.2;384;20.9;230;12.5;200;10.9;3;0.2;357;28.7;326;26.2;291;23.4;156;12.5;113;9.1;0;0.0;425;30.7;343;24.8;351;25.4;145;10.5;117;8.5;1;0.1;175;28.3;183;29.6;127;20.6;67;10.8;64;10.4;0;0.0;1.8;-14.3;27.9;-4.0;225.4;-7.3;-0.2;3.0;-18.7;-4.4;-31.4;5.6;-6.5;5.3;-18.1;0.8;-50.7;Baisse modérée;-2.9;2.7;1369;1;99.9;2.4;13;39341123;7;2, 3, 6, 7, 8, 9, 12;1.0;A;35.2;31.6;37.6;Moyenne;59555;30500;34300;2.18;27319.0;39930;2660;7.4;Faible (<10%);13.41;7.0;6.41;4.13;4.32
10;1489;428000;11101;3874;424750;10933;5868;710000;10714;3667;410000;10119;3428;448472;9373;1397;387917;9485;1040;69.8;178;12.0;257;17.3;Appartement;2296;59.3;344;8.9;1232;31.8;Appartement;2935;50.0;2356;40.1;570;9.7;Appartement;1914;52.2;1382;37.7;367;10.0;Appartement;1787;52.1;264;7.7;1377;40.2;Appartement;698;50.0;531;38.0;167;12.0;Appartement;327;31.2;336;32.0;237;22.6;101;9.6;46;4.4;0;0.0;637;27.5;812;35.0;537;23.2;227;9.8;96;4.1;0;0.0;874;29.4;1212;40.8;515;17.3;268;9.0;96;3.2;0;0.0;558;29.0;692;36.0;403;21.0;184;9.6;83;4.3;0;0.0;522;29.0;603;33.5;463;25.7;124;6.9;80;4.4;0;0.0;233;33.2;247;35.2;131;18.7;62;8.8;28;4.0;0;0.0;4.8;-15.6;-0.8;-1.5;160.2;67.2;-2.0;51.5;-42.3;-5.6;-37.5;9.4;-7.4;-6.5;-13.5;1.2;-59.2;Baisse modérée;-3.0;3.0;1787;0;100.0;2.2;10;72632038;8;2, 4, 5, 7, 8, 9, 11, 7bis;1.0;B;36.1;32.3;38.1;Moyenne;90372;45800;51500;2.89;31271.0;30150;8543;17.2;Moyen (10-20%);15.54;3.88;4.32;5.75;4.85
11;2094;399000;11304;6719;517000;11669;7324;470000;11142;5487;405650;10454;5827;400000;10000;1833;390000;10000;1442;68.9;231;11.0;415;19.8;Appartement;4017;59.8;403;6.0;2292;34.1;Appartement;3750;51.2;2945;40.2;622;8.5;Appartement;2711;49.4;2444;44.5;323;5.9;Appartement;2887;49.5;502;8.6;2433;41.8;Appartement;859;46.9;870;47.5;104;5.7;Dépendance;443;30.5;538;37.1;320;22.1;115;7.9;33;2.3;4;0.3;1031;25.4;1853;45.7;854;21.1;232;5.7;80;2.0;1;0.0;1129;29.8;1488;39.3;784;20.7;275;7.3;96;2.5;2;0.1;815;29.9;1035;37.9;592;21.7;174;6.4;102;3.7;2;0.1;864;29.7;1133;38.9;579;19.9;241;8.3;85;2.9;1;0.0;261;30.3;342;39.7;162;18.8;58;6.7;37;4.3;0;0.0;0.3;-11.5;29.6;3.2;220.9;-9.1;-4.5;9.0;-13.7;-6.2;-25.1;-1.4;-4.3;6.2;-2.5;0.0;-68.5;Baisse modérée;-2.4;3.5;2887;1;100.0;2.2;16;42107896;8;2, 3, 5, 8, 9, 11, 11.0, 9.0;;;36.1;32.1;38.0;Moyenne;147476;74200;83400;3.67;40184.0;31300;13176;15.5;Moyen (10-20%);15.97;3.25;4.96;4.32;4.3
12;2833;511800;10500;3996;429000;10428;5074;450500;10218;4093;404000;9625;3771;368175;9000;1405;375000;8976;1706;60.2;457;16.1;661;23.3;Appartement;2072;51.9;219;5.5;1683;42.1;Appartement;2211;43.6;2549;50.2;289;5.7;Dépendance;1899;46.4;1989;48.6;190;4.6;Dépendance;1693;44.9;187;5.0;1848;49.0;Dépendance;655;46.6;680;48.4;66;4.7;Dépendance;336;19.6;903;52.6;267;15.6;98;5.7;111;6.5;8;0.5;510;24.4;775;37.1;488;23.3;213;10.2;100;4.8;12;0.6;570;25.5;764;34.2;555;24.9;250;11.2;91;4.1;10;0.4;516;26.8;703;36.5;447;23.2;189;9.8;63;3.3;5;0.3;426;24.9;652;38.2;373;21.8;181;10.6;75;4.4;4;0.2;150;22.7;258;39.0;150;22.7;73;11.0;27;4.1;2;0.3;-28.1;-14.3;-16.2;-0.7;41.1;5.0;-2.0;27.0;-10.3;-5.8;-19.3;-8.9;-6.5;-7.9;1.9;-0.3;-62.7;Baisse modérée;-3.1;2.6;1693;4;99.8;2.3;19;81777670;9;1, 2, 5, 6, 8, 9, 14, 9.0, A;1.0;A;36.3;32.0;38.5;Moyenne;140694;70800;79500;16.32;8621.0;32850;20177;27.4;Élevé (>20%);13.7;6.57;2.87;6.43;3.7
13;1149;380000;10082;3794;438882;10000;4330;420300;10000;3612;386500;9214;3562;400000;8848;1189;350000;8741;710;61.8;91;7.9;306;26.6;Appartement;1951;51.4;147;3.9;1654;43.6;Appartement;2011;46.4;2057;47.5;187;4.3;Dépendance;1646;45.6;1729;47.9;140;3.9;Dépendance;1659;46.6;145;4.1;1725;48.4;Dépendance;578;48.6;551;46.3;40;3.4;Appartement;192;26.4;279;38.4;161;22.2;60;8.3;31;4.3;12;1.7;482;24.2;701;35.2;577;29.0;155;7.8;74;3.7;21;1.1;591;29.0;760;37.2;456;22.3;165;8.1;64;3.1;17;0.8;522;31.2;571;34.1;395;23.6;123;7.3;60;3.6;19;1.1;525;30.8;590;34.6;382;22.4;150;8.8;59;3.5;18;1.1;153;26.0;232;39.5;135;23.0;56;9.5;12;2.0;9;1.5;5.3;-12.2;15.5;-0.8;230.2;-4.2;0.0;14.1;-8.0;-7.9;-16.6;3.5;-4.0;-1.4;-12.5;-1.2;-66.6;Baisse modérée;-2.8;2.9;1659;18;98.9;2.2;18;54466958;5;5, 6, 7, 10, 14;;;34.9;31.9;38.3;Moyenne;181557;91000;102200;7.15;25393.0;25675;39162;43.8;Élevé (>20%);17.23;1.41;0.87;3.51;3.28
14;1400;500000;11252;3855;474000;10888;4495;490000;10728;4023;426240;10178;3471;371600;9464;1553;392500;9521;968;69.1;128;9.1;288;20.6;Appartement;2124;55.1;220;5.7;1470;38.1;Appartement;2068;46.0;2181;48.5;205;4.6;Dépendance;1900;47.2;1916;47.6;174;4.3;Dépendance;1626;46.8;155;4.5;1644;47.4;Dépendance;727;46.8;719;46.3;98;6.3;Appartement;249;25.1;390;39.3;222;22.4;88;8.9;42;4.2;8;0.8;615;27.9;688;31.3;530;24.1;263;11.9;102;4.6;25;1.1;532;25.1;751;35.4;535;25.2;205;9.7;91;4.3;22;1.0;551;28.4;732;37.7;420;21.6;164;8.4;73;3.8;22;1.1;459;27.7;623;37.6;358;21.6;138;8.3;72;4.3;22;1.3;214;29.0;271;36.8;166;22.5;50;6.8;35;4.7;6;0.8;-25.7;-15.9;-5.2;-3.2;175.4;3.4;-1.5;16.6;-13.0;-5.1;-10.5;-12.8;-7.0;-13.7;5.6;0.6;-55.3;Baisse modérée;-3.2;2.7;1626;22;98.7;2.3;12;46001488;5;4, 6, 12, 13, 13.0;1.0;B;33.5;31.4;38.1;Moyenne;135964;68400;76900;5.64;24107.0;33020;22500;30.9;Élevé (>20%);14.33;5.65;2.8;3.3;4.38
15;3355;584000;11000;9895;597441;10894;12983;715350;10892;7543;465000;10105;7311;442250;9642;2695;425000;9600;1966;58.6;386;11.5;975;29.1;Appartement;4923;49.8;520;5.3;4424;44.7;Appartement;5756;44.3;5919;45.6;1263;9.7;Dépendance;3304;43.8;3778;50.1;404;5.4;Dépendance;3344;45.7;341;4.7;3591;49.1;Dépendance;1161;43.1;1381;51.2;149;5.5;Dépendance;514;25.4;631;31.2;548;27.1;230;11.4;97;4.8;5;0.2;1302;26.2;1586;32.0;1286;25.9;548;11.0;237;4.8;9;0.2;1128;19.4;1957;33.7;1931;33.3;555;9.6;225;3.9;19;0.3;921;27.5;1080;32.2;814;24.3;352;10.5;177;5.3;18;0.5;903;26.7;1096;32.4;803;23.7;420;12.4;160;4.7;12;0.4;327;27.9;402;34.3;260;22.2;113;9.6;67;5.7;2;0.2;-24.3;-12.3;2.3;-1.0;194.9;19.7;-0.0;31.2;-35.0;-7.2;-41.9;-4.9;-4.6;-3.1;-3.9;-0.4;-63.1;Baisse modérée;-2.6;2.8;3344;12;99.6;2.4;19;42680563;4;6, 8, 10, 12;;;33.1;31.2;37.9;Moyenne;233392;117200;131800;8.48;27523.0;36640;26183;20.6;Élevé (>20%);13.16;7.36;4.12;2.86;4.59
16;3322;846000;12127;8511;940436;11931;10018;888960;12157;7698;788000;11651;6818;692000;11122;2754;810000;11301;1636;49.2;453;13.6;1214;36.5;Appartement;3555;41.8;666;7.8;4223;49.6;Dépendance;3975;39.7;5597;55.9;397;4.0;Dépendance;2891;37.6;4343;56.4;422;5.5;Dépendance;2668;39.1;347;5.1;3771;55.3;Dépendance;1040;37.8;1562;56.7;143;5.2;Dépendance;361;21.6;363;21.8;321;19.2;292;17.5;331;19.8;19;1.1;781;21.3;769;21.0;720;19.6;584;15.9;812;22.1;54;1.5;962;23.8;787;19.5;785;19.4;678;16.8;825;20.4;36;0.9;644;21.8;649;22.0;597;20.2;453;15.4;607;20.6;31;1.1;647;23.7;589;21.6;539;19.7;403;14.7;554;20.3;22;0.8;233;22.1;232;22.0;230;21.8;156;14.8;202;19.1;8;0.8;-18.2;-8.3;11.2;-1.6;156.2;-5.5;1.9;17.7;-11.4;-4.2;-23.2;-12.2;-4.5;-11.4;17.1;1.6;-59.6;Stable;-1.4;2.7;2668;22;99.2;3.0;20;38588088;5;1, 2, 6, 9, 10;;;36.3;32.2;37.7;Moyenne;165446;83200;93500;16.31;10144.0;48935;6304;6.6;Faible (<10%);11.36;10.0;6.79;3.6;3.73
17;2491;505000;11605;7023;582500;11538;8376;575000;11552;6304;485000;10928;5774;458700;10236;2643;485000;10377;1553;62.3;196;7.9;707;28.4;Appartement;3546;50.5;537;7.6;2911;41.4;Appartement;3972;47.4;3800;45.4;578;6.9;Appartement;2925;46.4;2983;47.3;380;6.0;Dépendance;2639;45.7;370;6.4;2740;47.5;Dépendance;1205;45.6;1323;50.1;108;4.1;Dépendance;346;21.7;517;32.5;372;23.4;170;10.7;183;11.5;18;1.1;856;23.9;1136;31.7;838;23.4;398;11.1;352;9.8;9;0.3;923;23.0;1285;32.0;867;21.6;502;12.5;428;10.7;11;0.3;717;24.1;1010;34.0;627;21.1;311;10.5;300;10.1;7;0.2;704;26.3;874;32.7;583;21.8;280;10.5;231;8.6;4;0.1;328;27.0;405;33.3;236;19.4;127;10.4;119;9.8;5;0.4;-9.2;-11.8;15.3;-0.6;181.9;-1.3;0.1;19.3;-15.7;-5.4;-24.7;-5.4;-6.3;-8.4;5.7;1.4;-54.2;Baisse modérée;-2.2;3.1;2639;4;99.8;2.5;16;41622120;5;1, 2, 3, 13, 14;1.0;A;37.2;32.4;38.1;Moyenne;167288;84100;94500;5.67;29504.0;41250;16711;17.6;Moyen (10-20%);12.41;8.46;4.89;3.39;4.79
18;2692;403600;10581;7850;450000;10488;8423;395050;10219;7360;400000;9672;5707;328000;8858;3295;435600;9000;2059;76.5;188;7.0;433;16.1;Appartement;4052;51.6;901;11.5;2850;36.3;Appartement;4532;53.8;3508;41.6;357;4.2;Appartement;4128;56.1;2966;40.3;243;3.3;Appartement;2925;51.3;349;6.1;2392;41.9;Appartement;1640;49.8;1495;45.4;149;4.5;Appartement;579;27.6;903;43.0;446;21.2;131;6.2;39;1.9;7;0.3;1096;26.3;1772;42.6;917;22.0;275;6.6;98;2.4;18;0.4;1136;24.6;2038;44.1;1016;22.0;325;7.0;94;2.0;12;0.3;1114;26.3;2033;48.0;791;18.7;217;5.1;67;1.6;13;0.3;911;30.4;1223;40.8;610;20.4;184;6.1;62;2.1;11;0.4;459;27.7;694;41.9;350;21.1;113;6.8;32;1.9;7;0.4;-18.7;-16.3;11.5;-0.9;191.6;-12.2;-2.6;7.3;1.3;-5.4;-12.6;-18.0;-8.4;-22.5;32.8;1.6;-42.3;Baisse modérée;-3.1;3.5;2925;11;99.6;2.1;13;41870261;3;2, 4, 12;;;36.7;32.2;38.7;Moyenne;195104;97800;110200;6.01;32463.0;26375;25697;25.3;Élevé (>20%);16.79;2.05;3.01;2.15;6.76
19;1546;436500;9413;5435;543700;9619;5618;455775;9528;4944;450000;8896;3739;370000;7986;1553;355800;8221;1031;66.7;127;8.2;370;23.9;Appartement;3071;56.5;267;4.9;2070;38.1;Appartement;2683;47.8;2637;46.9;245;4.4;Appartement;2493;50.4;2165;43.8;258;5.2;Appartement;1550;41.5;603;16.1;1558;41.7;Dépendance;661;42.6;795;51.2;89;5.7;Dépendance;318;30.0;387;36.5;235;22.2;93;8.8;27;2.5;16;1.5;847;26.8;1306;41.3;740;23.4;199;6.3;72;2.3;22;0.7;698;25.5;1100;40.1;657;24.0;216;7.9;68;2.5;36;1.3;1069;42.2;777;30.7;459;18.1;168;6.6;54;2.1;27;1.1;432;27.3;608;38.4;357;22.6;136;8.6;48;3.0;22;1.4;215;31.9;251;37.2;135;20.0;56;8.3;17;2.5;7;1.0;-15.2;-15.2;24.6;2.2;251.6;-16.2;-0.9;3.4;-1.3;-6.6;-12.0;-17.8;-10.2;-24.4;-3.8;2.9;-58.5;Baisse modérée;-2.5;5.1;1550;22;98.6;2.2;15;32408205;5;2, 5, 7, 11, 7bis;;;37.4;32.4;38.7;Moyenne;184038;91500;103200;6.79;27104.0;21960;38390;46.0;Élevé (>20%);18.18;0.01;0.0;1.91;6.29
20;1645;400000;9722;5445;489450;9730;5446;400000;9529;4246;360385;8857;4185;339500;8372;2032;380500;8450;1113;67.7;111;6.7;411;25.0;Appartement;2832;52.0;355;6.5;2199;40.4;Appartement;2658;48.8;2520;46.3;231;4.2;Appartement;2031;47.8;2042;48.1;139;3.3;Dépendance;2083;49.8;120;2.9;1956;46.7;Appartement;995;49.0;952;46.9;63;3.1;Appartement;311;27.4;439;38.7;272;24.0;91;8.0;21;1.9;6;0.5;823;28.4;1180;40.7;619;21.4;199;6.9;74;2.6;35;1.2;775;28.3;1047;38.2;633;23.1;222;8.1;63;2.3;22;0.8;627;30.0;767;36.7;457;21.9;184;8.8;52;2.5;26;1.2;624;29.3;853;40.1;440;20.7;152;7.1;57;2.7;14;0.7;351;34.8;353;35.0;190;18.8;79;7.8;35;3.5;12;1.2;-15.1;-13.9;22.4;0.1;231.0;-18.3;-2.1;0.0;-9.9;-7.1;-22.0;-5.8;-5.5;-1.4;12.1;0.9;-51.4;Baisse modérée;-2.7;3.1;2083;14;99.3;2.1;11;26999499;5;2, 3, 9, 11, 3bis;;;36.1;31.8;38.3;Moyenne;195814;97200;109400;5.98;32745.0;23520;39727;43.6;Élevé (>20%);17.8;0.57;0.55;1.77;4.15
