code_commune;annee;type_local;nombre_pieces_principales;prix_m2_median;revenu_median;tx_logement_sociaux;no2;o3;pm10;qual_no2;qual_o3;qual_pm10;air_quality_global
75101;2020;Appartement;1.0;13421.052631578948;40750.0;;16;25;7;Bon;Bon;Bon;Bon
75101;2020;Appartement;2.0;15308.139534883721;40750.0;;16;25;7;Bon;Bon;Bon;Bon
75101;2020;Appartement;3.0;14611.381578947368;40750.0;;16;25;7;Bon;Bon;Bon;Bon
75101;2020;Appartement;4.0;14102.562962962964;40750.0;;16;25;7;Bon;Bon;Bon;Bon
75101;2020;Appartement;5.0;26153.846153846156;40750.0;;16;25;7;Bon;Bon;Bon;Bon
75101;2020;Appartement;6.0;19004.014598540147;40750.0;;16;25;7;Bon;Bon;Bon;Bon
75101;2020;Appartement;7.0;16405.405405405407;40750.0;;16;25;7;Bon;Bon;Bon;Bon
75101;2021;Appartement;0.0;483333.3333333333;40750.0;;16;25;7;Bon;Bon;Bon;Bon
75101;2021;Appartement;1.0;14009.342105263158;40750.0;;16;25;7;Bon;Bon;Bon;Bon
75101;2021;Appartement;2.0;14296.527777777777;40750.0;;16;25;7;Bon;Bon;Bon;Bon
75101;2021;Appartement;3.0;13326.289592760182;40750.0;;16;25;7;Bon;Bon;Bon;Bon
75101;2021;Appartement;4.0;14729.72972972973;40750.0;;16;25;7;Bon;Bon;Bon;Bon
75101;2021;Appartement;5.0;13368.32700469064;40750.0;;16;25;7;Bon;Bon;Bon;Bon
75101;2021;Appartement;6.0;17703.666581762605;40750.0;;16;25;7;Bon;Bon;Bon;Bon
75101;2021;Appartement;7.0;22160.20725388601;40750.0;;16;25;7;Bon;Bon;Bon;Bon
75101;2022;Appartement;0.0;1879518.0;40750.0;;16;25;7;Bon;Bon;Bon;Bon
75101;2022;Appartement;1.0;13414.285714285714;40750.0;;16;25;7;Bon;Bon;Bon;Bon
75101;2022;Appartement;2.0;14023.076923076924;40750.0;;16;25;7;Bon;Bon;Bon;Bon
75101;2022;Appartement;3.0;14336.283185840708;40750.0;;16;25;7;Bon;Bon;Bon;Bon
75101;2022;Appartement;4.0;16156.875;40750.0;;16;25;7;Bon;Bon;Bon;Bon
75101;2022;Appartement;5.0;12800.0;40750.0;;16;25;7;Bon;Bon;Bon;Bon
75101;2022;Appartement;6.0;16374.269005847951;40750.0;;16;25;7;Bon;Bon;Bon;Bon
75101;2022;Appartement;7.0;20165.95380667237;40750.0;;16;25;7;Bon;Bon;Bon;Bon
75101;2023;Appartement;0.0;135000.0;40750.0;;16;25;7;Bon;Bon;Bon;Bon
75101;2023;Appartement;1.0;12600.0;40750.0;;16;25;7;Bon;Bon;Bon;Bon
75101;2023;Appartement;2.0;12914.420178571429;40750.0;;16;25;7;Bon;Bon;Bon;Bon
75101;2023;Appartement;3.0;13517.241379310344;40750.0;;16;25;7;Bon;Bon;Bon;Bon
75101;2023;Appartement;4.0;13602.941176470587;40750.0;;16;25;7;Bon;Bon;Bon;Bon
75101;2023;Appartement;5.0;15421.228866740494;40750.0;;16;25;7;Bon;Bon;Bon;Bon
75101;2023;Appartement;6.0;14049.666666666668;40750.0;;16;25;7;Bon;Bon;Bon;Bon
75101;2023;Appartement;7.0;6578.9473684210525;40750.0;;16;25;7;Bon;Bon;Bon;Bon
75101;2024;Appartement;0.0;118769.0;40750.0;;16;25;7;Bon;Bon;Bon;Bon
75101;2024;Appartement;1.0;12272.071428571428;40750.0;;16;25;7;Bon;Bon;Bon;Bon
75101;2024;Appartement;2.0;12833.333333333334;40750.0;;16;25;7;Bon;Bon;Bon;Bon
75101;2024;Appartement;3.0;13727.519509476031;40750.0;;16;25;7;Bon;Bon;Bon;Bon
75101;2024;Appartement;4.0;12630.911169956667;40750.0;;16;25;7;Bon;Bon;Bon;Bon
75101;2024;Appartement;5.0;14065.942028985508;40750.0;;16;25;7;Bon;Bon;Bon;Bon
75101;2024;Appartement;6.0;9824.561403508773;40750.0;;16;25;7;Bon;Bon;Bon;Bon
75101;2024;Appartement;7.0;4000.840490797546;40750.0;;16;25;7;Bon;Bon;Bon;Bon
75101;2025;Appartement;1.0;11934.731934731935;40750.0;;16;25;7;Bon;Bon;Bon;Bon
75101;2025;Appartement;2.0;12440.47619047619;40750.0;;16;25;7;Bon;Bon;Bon;Bon
75101;2025;Appartement;3.0;11500.0;40750.0;;16;25;7;Bon;Bon;Bon;Bon
75101;2025;Appartement;4.0;12820.51724137931;40750.0;;16;25;7;Bon;Bon;Bon;Bon
75101;2025;Appartement;5.0;15844.155844155845;40750.0;;16;25;7;Bon;Bon;Bon;Bon
75101;2025;Appartement;6.0;19637.43155882353;40750.0;;16;25;7;Bon;Bon;Bon;Bon
75101;2025;Appartement;7.0;17049.019607843136;40750.0;;16;25;7;Bon;Bon;Bon;Bon
75102;2020;Appartement;1.0;12594.732441471573;36635.0;;17;26;9;Bon;Bon;Bon;Bon
75102;2020;Appartement;2.0;12383.333333333334;36635.0;;17;26;9;Bon;Bon;Bon;Bon
75102;2020;Appartement;3.0;13001.089324618737;36635.0;;17;26;9;Bon;Bon;Bon;Bon
75102;2020;Appartement;4.0;12598.425196850394;36635.0;;17;26;9;Bon;Bon;Bon;Bon
75102;2020;Appartement;5.0;12434.177215189871;36635.0;;17;26;9;Bon;Bon;Bon;Bon
75102;2020;Appartement;6.0;11254.301075268815;36635.0;;17;26;9;Bon;Bon;Bon;Bon
75102;2021;Appartement;0.0;52500.0;36635.0;;17;26;9;Bon;Bon;Bon;Bon
75102;2021;Appartement;1.0;12383.142857142859;36635.0;;17;26;9;Bon;Bon;Bon;Bon
75102;2021;Appartement;2.0;12212.962962962964;36635.0;;17;26;9;Bon;Bon;Bon;Bon
75102;2021;Appartement;3.0;12902.777777777776;36635.0;;17;26;9;Bon;Bon;Bon;Bon
75102;2021;Appartement;4.0;11834.8623853211;36635.0;;17;26;9;Bon;Bon;Bon;Bon
75102;2021;Appartement;5.0;11818.94580602261;36635.0;;17;26;9;Bon;Bon;Bon;Bon
75102;2021;Appartement;6.0;13216.216216216217;36635.0;;17;26;9;Bon;Bon;Bon;Bon
75102;2021;Appartement;7.0;11290.823529411764;36635.0;;17;26;9;Bon;Bon;Bon;Bon
75102;2022;Appartement;1.0;12223.51724137931;36635.0;;17;26;9;Bon;Bon;Bon;Bon
75102;2022;Appartement;2.0;12177.67199017199;36635.0;;17;26;9;Bon;Bon;Bon;Bon
75102;2022;Appartement;3.0;11956.823568136933;36635.0;;17;26;9;Bon;Bon;Bon;Bon
75102;2022;Appartement;4.0;12792.34693877551;36635.0;;17;26;9;Bon;Bon;Bon;Bon
75102;2022;Appartement;5.0;11476.897195707596;36635.0;;17;26;9;Bon;Bon;Bon;Bon
75102;2022;Appartement;6.0;297.2972972972973;36635.0;;17;26;9;Bon;Bon;Bon;Bon
75102;2022;Appartement;7.0;110.94890510948905;36635.0;;17;26;9;Bon;Bon;Bon;Bon
75102;2023;Appartement;0.0;8250.0;36635.0;;17;26;9;Bon;Bon;Bon;Bon
75102;2023;Appartement;1.0;10891.701388888887;36635.0;;17;26;9;Bon;Bon;Bon;Bon
75102;2023;Appartement;2.0;12425.979591836734;36635.0;;17;26;9;Bon;Bon;Bon;Bon
75102;2023;Appartement;3.0;12459.016393442624;36635.0;;17;26;9;Bon;Bon;Bon;Bon
75102;2023;Appartement;4.0;13523.333333333334;36635.0;;17;26;9;Bon;Bon;Bon;Bon
75102;2023;Appartement;5.0;12199.764521193094;36635.0;;17;26;9;Bon;Bon;Bon;Bon
75102;2023;Appartement;6.0;11649.357142857143;36635.0;;17;26;9;Bon;Bon;Bon;Bon
75102;2023;Appartement;7.0;10944.444444444443;36635.0;;17;26;9;Bon;Bon;Bon;Bon
75102;2024;Appartement;0.0;128440.0;36635.0;;17;26;9;Bon;Bon;Bon;Bon
75102;2024;Appartement;1.0;11771.241830065359;36635.0;;17;26;9;Bon;Bon;Bon;Bon
75102;2024;Appartement;2.0;11442.378378378378;36635.0;;17;26;9;Bon;Bon;Bon;Bon
75102;2024;Appartement;3.0;11569.3006993007;36635.0;;17;26;9;Bon;Bon;Bon;Bon
75102;2024;Appartement;4.0;13163.265306122448;36635.0;;17;26;9;Bon;Bon;Bon;Bon
75102;2024;Appartement;5.0;13227.722772277228;36635.0;;17;26;9;Bon;Bon;Bon;Bon
75102;2024;Appartement;7.0;23636.21693121693;36635.0;;17;26;9;Bon;Bon;Bon;Bon
75102;2025;Appartement;1.0;11833.333333333334;36635.0;;17;26;9;Bon;Bon;Bon;Bon
75102;2025;Appartement;2.0;12500.0;36635.0;;17;26;9;Bon;Bon;Bon;Bon
75102;2025;Appartement;3.0;12343.181818181818;36635.0;;17;26;9;Bon;Bon;Bon;Bon
75102;2025;Appartement;4.0;12679.116877204962;36635.0;;17;26;9;Bon;Bon;Bon;Bon
75102;2025;Appartement;5.0;11941.747572815531;36635.0;;17;26;9;Bon;Bon;Bon;Bon
75103;2020;Appartement;1.0;13137.93103448276;35540.0;;17;25;9;Bon;Bon;Bon;Bon
75103;2020;Appartement;2.0;13175.625;35540.0;;17;25;9;Bon;Bon;Bon;Bon
75103;2020;Appartement;3.0;13482.315599422243;35540.0;;17;25;9;Bon;Bon;Bon;Bon
75103;2020;Appartement;4.0;13416.666666666668;35540.0;;17;25;9;Bon;Bon;Bon;Bon
75103;2020;Appartement;5.0;13117.397826086957;35540.0;;17;25;9;Bon;Bon;Bon;Bon
75103;2020;Appartement;6.0;18142.4;35540.0;;17;25;9;Bon;Bon;Bon;Bon
75103;2021;Appartement;0.0;80000.0;35540.0;;17;25;9;Bon;Bon;Bon;Bon
75103;2021;Appartement;1.0;12639.615384615385;35540.0;;17;25;9;Bon;Bon;Bon;Bon
75103;2021;Appartement;2.0;12857.142857142857;35540.0;;17;25;9;Bon;Bon;Bon;Bon
75103;2021;Appartement;3.0;13129.247311827956;35540.0;;17;25;9;Bon;Bon;Bon;Bon
75103;2021;Appartement;4.0;13157.371794871795;35540.0;;17;25;9;Bon;Bon;Bon;Bon
75103;2021;Appartement;5.0;12548.076923076924;35540.0;;17;25;9;Bon;Bon;Bon;Bon
75103;2021;Appartement;6.0;15500.0;35540.0;;17;25;9;Bon;Bon;Bon;Bon
75103;2021;Maison;5.0;19500.0;35540.0;;17;25;9;Bon;Bon;Bon;Bon
75103;2021;Maison;6.0;14756.043165467629;35540.0;;17;25;9;Bon;Bon;Bon;Bon
75103;2022;Appartement;0.0;21111.11111111111;35540.0;;17;25;9;Bon;Bon;Bon;Bon
75103;2022;Appartement;1.0;12750.0;35540.0;;17;25;9;Bon;Bon;Bon;Bon
75103;2022;Appartement;2.0;12702.916666666666;35540.0;;17;25;9;Bon;Bon;Bon;Bon
75103;2022;Appartement;3.0;12702.702702702703;35540.0;;17;25;9;Bon;Bon;Bon;Bon
75103;2022;Appartement;4.0;12611.111111111111;35540.0;;17;25;9;Bon;Bon;Bon;Bon
75103;2022;Appartement;5.0;14072.429906542056;35540.0;;17;25;9;Bon;Bon;Bon;Bon
75103;2022;Appartement;6.0;12937.016081000596;35540.0;;17;25;9;Bon;Bon;Bon;Bon
75103;2022;Appartement;8.0;16420.058139534885;35540.0;;17;25;9;Bon;Bon;Bon;Bon
75103;2023;Appartement;1.0;12027.027027027028;35540.0;;17;25;9;Bon;Bon;Bon;Bon
75103;2023;Appartement;2.0;12522.727272727272;35540.0;;17;25;9;Bon;Bon;Bon;Bon
75103;2023;Appartement;3.0;13000.0;35540.0;;17;25;9;Bon;Bon;Bon;Bon
75103;2023;Appartement;4.0;12799.5;35540.0;;17;25;9;Bon;Bon;Bon;Bon
75103;2023;Appartement;5.0;12463.541666666666;35540.0;;17;25;9;Bon;Bon;Bon;Bon
75103;2023;Appartement;6.0;16852.24358974359;35540.0;;17;25;9;Bon;Bon;Bon;Bon
75103;2023;Appartement;7.0;15094.444444444443;35540.0;;17;25;9;Bon;Bon;Bon;Bon
75103;2024;Appartement;1.0;11833.333333333334;35540.0;;17;25;9;Bon;Bon;Bon;Bon
75103;2024;Appartement;2.0;12449.720044792834;35540.0;;17;25;9;Bon;Bon;Bon;Bon
75103;2024;Appartement;3.0;12985.25974025974;35540.0;;17;25;9;Bon;Bon;Bon;Bon
75103;2024;Appartement;4.0;13015.873015873016;35540.0;;17;25;9;Bon;Bon;Bon;Bon
75103;2024;Appartement;5.0;14276.908396946565;35540.0;;17;25;9;Bon;Bon;Bon;Bon
75103;2024;Appartement;6.0;10309.278350515464;35540.0;;17;25;9;Bon;Bon;Bon;Bon
75103;2024;Appartement;7.0;16548.333333333332;35540.0;;17;25;9;Bon;Bon;Bon;Bon
75103;2025;Appartement;0.0;15011.25;35540.0;;17;25;9;Bon;Bon;Bon;Bon
75103;2025;Appartement;1.0;12029.411764705881;35540.0;;17;25;9;Bon;Bon;Bon;Bon
75103;2025;Appartement;2.0;11636.904761904761;35540.0;;17;25;9;Bon;Bon;Bon;Bon
75103;2025;Appartement;3.0;12533.857808857809;35540.0;;17;25;9;Bon;Bon;Bon;Bon
75103;2025;Appartement;4.0;12335.882352941177;35540.0;;17;25;9;Bon;Bon;Bon;Bon
75103;2025;Appartement;5.0;11916.426134872738;35540.0;;17;25;9;Bon;Bon;Bon;Bon
75103;2025;Appartement;6.0;13491.176470588234;35540.0;;17;25;9;Bon;Bon;Bon;Bon
75103;2025;Appartement;7.0;11936.898395721924;35540.0;;17;25;9;Bon;Bon;Bon;Bon
75104;2020;Appartement;0.0;25704.0;35540.0;;17;25;9;Bon;Bon;Bon;Bon
75104;2020;Appartement;1.0;14761.90476190476;35540.0;;17;25;9;Bon;Bon;Bon;Bon
75104;2020;Appartement;2.0;14444.444444444443;35540.0;;17;25;9;Bon;Bon;Bon;Bon
75104;2020;Appartement;3.0;13737.349397590362;35540.0;;17;25;9;Bon;Bon;Bon;Bon
75104;2020;Appartement;4.0;14216.21212121212;35540.0;;17;25;9;Bon;Bon;Bon;Bon
75104;2020;Appartement;5.0;12315.78947368421;35540.0;;17;25;9;Bon;Bon;Bon;Bon
75104;2020;Appartement;6.0;4194.623655913978;35540.0;;17;25;9;Bon;Bon;Bon;Bon
75104;2020;Appartement;7.0;3671.7362285714285;35540.0;;17;25;9;Bon;Bon;Bon;Bon
75104;2020;Appartement;8.0;98728.81355932204;35540.0;;17;25;9;Bon;Bon;Bon;Bon
75104;2021;Appartement;0.0;14014.615384615385;35540.0;;17;25;9;Bon;Bon;Bon;Bon
75104;2021;Appartement;1.0;13819.25925925926;35540.0;;17;25;9;Bon;Bon;Bon;Bon
75104;2021;Appartement;2.0;13339.622641509432;35540.0;;17;25;9;Bon;Bon;Bon;Bon
75104;2021;Appartement;3.0;13271.491228070176;35540.0;;17;25;9;Bon;Bon;Bon;Bon
75104;2021;Appartement;4.0;12877.397831526272;35540.0;;17;25;9;Bon;Bon;Bon;Bon
75104;2021;Appartement;5.0;15035.15;35540.0;;17;25;9;Bon;Bon;Bon;Bon
75104;2021;Appartement;6.0;15081.35876840696;35540.0;;17;25;9;Bon;Bon;Bon;Bon
75104;2021;Appartement;7.0;14000.0;35540.0;;17;25;9;Bon;Bon;Bon;Bon
75104;2021;Appartement;8.0;19219.33333333333;35540.0;;17;25;9;Bon;Bon;Bon;Bon
75104;2022;Appartement;1.0;14000.0;35540.0;;17;25;9;Bon;Bon;Bon;Bon
75104;2022;Appartement;2.0;13115.958333333332;35540.0;;17;25;9;Bon;Bon;Bon;Bon
75104;2022;Appartement;3.0;13591.666666666666;35540.0;;17;25;9;Bon;Bon;Bon;Bon
75104;2022;Appartement;4.0;14364.722222222223;35540.0;;17;25;9;Bon;Bon;Bon;Bon
75104;2022;Appartement;5.0;12952.380952380952;35540.0;;17;25;9;Bon;Bon;Bon;Bon
75104;2022;Appartement;6.0;14124.127630326742;35540.0;;17;25;9;Bon;Bon;Bon;Bon
75104;2022;Appartement;7.0;15868.115183246073;35540.0;;17;25;9;Bon;Bon;Bon;Bon
75104;2022;Maison;4.0;23741.007194244605;35540.0;;17;25;9;Bon;Bon;Bon;Bon
75104;2023;Appartement;0.0;11266.666666666666;35540.0;;17;25;9;Bon;Bon;Bon;Bon
75104;2023;Appartement;1.0;13986.988304093567;35540.0;;17;25;9;Bon;Bon;Bon;Bon
75104;2023;Appartement;2.0;13245.61403508772;35540.0;;17;25;9;Bon;Bon;Bon;Bon
75104;2023;Appartement;3.0;13730.670103092783;35540.0;;17;25;9;Bon;Bon;Bon;Bon
75104;2023;Appartement;4.0;13545.548654244307;35540.0;;17;25;9;Bon;Bon;Bon;Bon
75104;2023;Appartement;5.0;14533.333333333334;35540.0;;17;25;9;Bon;Bon;Bon;Bon
75104;2023;Appartement;6.0;21521.254816955683;35540.0;;17;25;9;Bon;Bon;Bon;Bon
75104;2023;Appartement;7.0;22705.84348132488;35540.0;;17;25;9;Bon;Bon;Bon;Bon
75104;2024;Appartement;0.0;6904.761904761905;35540.0;;17;25;9;Bon;Bon;Bon;Bon
75104;2024;Appartement;1.0;13125.0;35540.0;;17;25;9;Bon;Bon;Bon;Bon
75104;2024;Appartement;2.0;13100.178890876565;35540.0;;17;25;9;Bon;Bon;Bon;Bon
75104;2024;Appartement;3.0;13202.788956639566;35540.0;;17;25;9;Bon;Bon;Bon;Bon
75104;2024;Appartement;4.0;13552.966742252458;35540.0;;17;25;9;Bon;Bon;Bon;Bon
75104;2024;Appartement;5.0;19190.90909090909;35540.0;;17;25;9;Bon;Bon;Bon;Bon
75104;2024;Appartement;6.0;13058.823529411764;35540.0;;17;25;9;Bon;Bon;Bon;Bon
75104;2024;Appartement;7.0;7667.410714285715;35540.0;;17;25;9;Bon;Bon;Bon;Bon
75104;2025;Appartement;0.0;12500.0;35540.0;;17;25;9;Bon;Bon;Bon;Bon
75104;2025;Appartement;1.0;12403.508771929824;35540.0;;17;25;9;Bon;Bon;Bon;Bon
75104;2025;Appartement;2.0;12791.82894736842;35540.0;;17;25;9;Bon;Bon;Bon;Bon
75104;2025;Appartement;3.0;12436.20404040404;35540.0;;17;25;9;Bon;Bon;Bon;Bon
75104;2025;Appartement;4.0;13708.274336283186;35540.0;;17;25;9;Bon;Bon;Bon;Bon
75104;2025;Appartement;5.0;14275.36231884058;35540.0;;17;25;9;Bon;Bon;Bon;Bon
75104;2025;Appartement;6.0;15713.546768336964;35540.0;;17;25;9;Bon;Bon;Bon;Bon
75105;2020;Appartement;1.0;13478.260869565218;38150.0;;16;26;9;Bon;Bon;Bon;Bon
75105;2020;Appartement;2.0;12514.285714285714;38150.0;;16;26;9;Bon;Bon;Bon;Bon
75105;2020;Appartement;3.0;12667.5;38150.0;;16;26;9;Bon;Bon;Bon;Bon
75105;2020;Appartement;4.0;13888.888888888889;38150.0;;16;26;9;Bon;Bon;Bon;Bon
75105;2020;Appartement;5.0;13650.052083333334;38150.0;;16;26;9;Bon;Bon;Bon;Bon
75105;2020;Appartement;6.0;15359.770263293753;38150.0;;16;26;9;Bon;Bon;Bon;Bon
75105;2021;Appartement;0.0;13776.265714285715;38150.0;;16;26;9;Bon;Bon;Bon;Bon
75105;2021;Appartement;1.0;12812.5;38150.0;;16;26;9;Bon;Bon;Bon;Bon
75105;2021;Appartement;2.0;12720.0;38150.0;;16;26;9;Bon;Bon;Bon;Bon
75105;2021;Appartement;3.0;13379.629629629628;38150.0;;16;26;9;Bon;Bon;Bon;Bon
75105;2021;Appartement;4.0;13720.454545454544;38150.0;;16;26;9;Bon;Bon;Bon;Bon
75105;2021;Appartement;5.0;14825.757575757576;38150.0;;16;26;9;Bon;Bon;Bon;Bon
75105;2021;Appartement;6.0;12615.384615384615;38150.0;;16;26;9;Bon;Bon;Bon;Bon
75105;2021;Appartement;7.0;12970.06329113924;38150.0;;16;26;9;Bon;Bon;Bon;Bon
75105;2021;Maison;2.0;26342.85714285714;38150.0;;16;26;9;Bon;Bon;Bon;Bon
75105;2021;Maison;4.0;12416.666666666666;38150.0;;16;26;9;Bon;Bon;Bon;Bon
75105;2021;Maison;7.0;17782.4;38150.0;;16;26;9;Bon;Bon;Bon;Bon
75105;2022;Appartement;0.0;27857.14285714286;38150.0;;16;26;9;Bon;Bon;Bon;Bon
75105;2022;Appartement;1.0;13062.083333333332;38150.0;;16;26;9;Bon;Bon;Bon;Bon
75105;2022;Appartement;2.0;12823.529411764706;38150.0;;16;26;9;Bon;Bon;Bon;Bon
75105;2022;Appartement;3.0;13619.047619047618;38150.0;;16;26;9;Bon;Bon;Bon;Bon
75105;2022;Appartement;4.0;13302.272727272728;38150.0;;16;26;9;Bon;Bon;Bon;Bon
75105;2022;Appartement;5.0;14190.47619047619;38150.0;;16;26;9;Bon;Bon;Bon;Bon
75105;2022;Appartement;6.0;14720.812182741116;38150.0;;16;26;9;Bon;Bon;Bon;Bon
75105;2022;Appartement;7.0;14917.223962171456;38150.0;;16;26;9;Bon;Bon;Bon;Bon
75105;2022;Maison;2.0;137.61467889908258;38150.0;;16;26;9;Bon;Bon;Bon;Bon
75105;2022;Maison;7.0;24912.08791208791;38150.0;;16;26;9;Bon;Bon;Bon;Bon
75105;2023;Appartement;0.0;13008.181818181818;38150.0;;16;26;9;Bon;Bon;Bon;Bon
75105;2023;Appartement;1.0;13055.555555555557;38150.0;;16;26;9;Bon;Bon;Bon;Bon
75105;2023;Appartement;2.0;11923.650890143294;38150.0;;16;26;9;Bon;Bon;Bon;Bon
75105;2023;Appartement;3.0;12562.398018648018;38150.0;;16;26;9;Bon;Bon;Bon;Bon
75105;2023;Appartement;4.0;13277.922077922078;38150.0;;16;26;9;Bon;Bon;Bon;Bon
75105;2023;Appartement;5.0;14040.057627118644;38150.0;;16;26;9;Bon;Bon;Bon;Bon
75105;2023;Appartement;6.0;15462.285714285714;38150.0;;16;26;9;Bon;Bon;Bon;Bon
75105;2023;Appartement;7.0;18207.35668789809;38150.0;;16;26;9;Bon;Bon;Bon;Bon
75105;2023;Appartement;8.0;18478.260869565216;38150.0;;16;26;9;Bon;Bon;Bon;Bon
75105;2023;Maison;6.0;22837.83783783784;38150.0;;16;26;9;Bon;Bon;Bon;Bon
75105;2024;Appartement;0.0;22535.245901639344;38150.0;;16;26;9;Bon;Bon;Bon;Bon
75105;2024;Appartement;1.0;11777.777777777776;38150.0;;16;26;9;Bon;Bon;Bon;Bon
75105;2024;Appartement;2.0;11835.029904306222;38150.0;;16;26;9;Bon;Bon;Bon;Bon
75105;2024;Appartement;3.0;12360.0;38150.0;;16;26;9;Bon;Bon;Bon;Bon
75105;2024;Appartement;4.0;12820.967741935485;38150.0;;16;26;9;Bon;Bon;Bon;Bon
75105;2024;Appartement;5.0;13843.770563720114;38150.0;;16;26;9;Bon;Bon;Bon;Bon
75105;2024;Appartement;6.0;13048.308375350138;38150.0;;16;26;9;Bon;Bon;Bon;Bon
75105;2024;Appartement;7.0;13020.83515204423;38150.0;;16;26;9;Bon;Bon;Bon;Bon
75105;2024;Maison;6.0;16763.556561085974;38150.0;;16;26;9;Bon;Bon;Bon;Bon
75105;2025;Appartement;0.0;337992.4242424242;38150.0;;16;26;9;Bon;Bon;Bon;Bon
75105;2025;Appartement;1.0;11519.23076923077;38150.0;;16;26;9;Bon;Bon;Bon;Bon
75105;2025;Appartement;2.0;12666.666666666666;38150.0;;16;26;9;Bon;Bon;Bon;Bon
75105;2025;Appartement;3.0;11459.26243567753;38150.0;;16;26;9;Bon;Bon;Bon;Bon
75105;2025;Appartement;4.0;11750.263767370048;38150.0;;16;26;9;Bon;Bon;Bon;Bon
75105;2025;Appartement;5.0;12465.701357466063;38150.0;;16;26;9;Bon;Bon;Bon;Bon
75105;2025;Appartement;6.0;11538.46153846154;38150.0;;16;26;9;Bon;Bon;Bon;Bon
75105;2025;Appartement;8.0;9868.421052631578;38150.0;;16;26;9;Bon;Bon;Bon;Bon
75105;2025;Maison;4.0;17187.5;38150.0;;16;26;9;Bon;Bon;Bon;Bon
75105;2025;Maison;7.0;28777.777777777777;38150.0;;16;26;9;Bon;Bon;Bon;Bon
75106;2020;Appartement;0.0;28571.42857142857;46350.0;;16;26;7;Bon;Bon;Bon;Bon
75106;2020;Appartement;1.0;16111.111111111111;46350.0;;16;26;7;Bon;Bon;Bon;Bon
75106;2020;Appartement;2.0;16818.18181818182;46350.0;;16;26;7;Bon;Bon;Bon;Bon
75106;2020;Appartement;3.0;15904.175050301812;46350.0;;16;26;7;Bon;Bon;Bon;Bon
75106;2020;Appartement;4.0;16868.75;46350.0;;16;26;7;Bon;Bon;Bon;Bon
75106;2020;Appartement;5.0;15413.533834586466;46350.0;;16;26;7;Bon;Bon;Bon;Bon
75106;2020;Appartement;6.0;18362.678787878787;46350.0;;16;26;7;Bon;Bon;Bon;Bon
75106;2020;Appartement;7.0;4825.520833333333;46350.0;;16;26;7;Bon;Bon;Bon;Bon
75106;2020;Maison;3.0;17500.0;46350.0;;16;26;7;Bon;Bon;Bon;Bon
75106;2020;Maison;6.0;26011.56069364162;46350.0;;16;26;7;Bon;Bon;Bon;Bon
75106;2021;Appartement;1.0;16172.235576923078;46350.0;;16;26;7;Bon;Bon;Bon;Bon
75106;2021;Appartement;2.0;15786.282555282556;46350.0;;16;26;7;Bon;Bon;Bon;Bon
75106;2021;Appartement;3.0;15000.0;46350.0;;16;26;7;Bon;Bon;Bon;Bon
75106;2021;Appartement;4.0;15716.164095371669;46350.0;;16;26;7;Bon;Bon;Bon;Bon
75106;2021;Appartement;5.0;15747.635986733003;46350.0;;16;26;7;Bon;Bon;Bon;Bon
75106;2021;Appartement;6.0;15602.836879432623;46350.0;;16;26;7;Bon;Bon;Bon;Bon
75106;2021;Appartement;7.0;13588.792670682731;46350.0;;16;26;7;Bon;Bon;Bon;Bon
75106;2021;Appartement;8.0;15921.771322220424;46350.0;;16;26;7;Bon;Bon;Bon;Bon
75106;2021;Maison;6.0;29586.77685950413;46350.0;;16;26;7;Bon;Bon;Bon;Bon
75106;2021;Maison;8.0;44666.66666666666;46350.0;;16;26;7;Bon;Bon;Bon;Bon
75106;2022;Appartement;0.0;11666.666666666666;46350.0;;16;26;7;Bon;Bon;Bon;Bon
75106;2022;Appartement;1.0;15450.980392156862;46350.0;;16;26;7;Bon;Bon;Bon;Bon
75106;2022;Appartement;2.0;15150.64935064935;46350.0;;16;26;7;Bon;Bon;Bon;Bon
75106;2022;Appartement;3.0;16070.87912087912;46350.0;;16;26;7;Bon;Bon;Bon;Bon
75106;2022;Appartement;4.0;17372.70021645022;46350.0;;16;26;7;Bon;Bon;Bon;Bon
75106;2022;Appartement;5.0;16447.052884008583;46350.0;;16;26;7;Bon;Bon;Bon;Bon
75106;2022;Appartement;6.0;16124.161073825504;46350.0;;16;26;7;Bon;Bon;Bon;Bon
75106;2022;Appartement;7.0;17041.666666666668;46350.0;;16;26;7;Bon;Bon;Bon;Bon
75106;2022;Appartement;8.0;136.26050420168067;46350.0;;16;26;7;Bon;Bon;Bon;Bon
75106;2022;Maison;3.0;23802.95566502463;46350.0;;16;26;7;Bon;Bon;Bon;Bon
75106;2022;Maison;7.0;17234.848484848484;46350.0;;16;26;7;Bon;Bon;Bon;Bon
75106;2023;Appartement;0.0;14707.916666666668;46350.0;;16;26;7;Bon;Bon;Bon;Bon
75106;2023;Appartement;1.0;15000.0;46350.0;;16;26;7;Bon;Bon;Bon;Bon
75106;2023;Appartement;2.0;15136.447368421052;46350.0;;16;26;7;Bon;Bon;Bon;Bon
75106;2023;Appartement;3.0;15924.477351916375;46350.0;;16;26;7;Bon;Bon;Bon;Bon
75106;2023;Appartement;4.0;16315.78947368421;46350.0;;16;26;7;Bon;Bon;Bon;Bon
75106;2023;Appartement;5.0;17829.457364341084;46350.0;;16;26;7;Bon;Bon;Bon;Bon
75106;2023;Appartement;6.0;17859.112745098042;46350.0;;16;26;7;Bon;Bon;Bon;Bon
75106;2023;Appartement;7.0;19755.475708502025;46350.0;;16;26;7;Bon;Bon;Bon;Bon
75106;2023;Appartement;8.0;21709.429824561405;46350.0;;16;26;7;Bon;Bon;Bon;Bon
75106;2023;Maison;3.0;19539.473684210527;46350.0;;16;26;7;Bon;Bon;Bon;Bon
75106;2023;Maison;7.0;30512.82051282051;46350.0;;16;26;7;Bon;Bon;Bon;Bon
75106;2024;Appartement;0.0;4346.607142857143;46350.0;;16;26;7;Bon;Bon;Bon;Bon
75106;2024;Appartement;1.0;14317.857142857143;46350.0;;16;26;7;Bon;Bon;Bon;Bon
75106;2024;Appartement;2.0;14285.714285714286;46350.0;;16;26;7;Bon;Bon;Bon;Bon
75106;2024;Appartement;3.0;16225.090579710144;46350.0;;16;26;7;Bon;Bon;Bon;Bon
75106;2024;Appartement;4.0;16398.225352112677;46350.0;;16;26;7;Bon;Bon;Bon;Bon
75106;2024;Appartement;5.0;17087.91208791209;46350.0;;16;26;7;Bon;Bon;Bon;Bon
75106;2024;Appartement;6.0;15848.429391304348;46350.0;;16;26;7;Bon;Bon;Bon;Bon
75106;2024;Appartement;7.0;19253.161736029862;46350.0;;16;26;7;Bon;Bon;Bon;Bon
75106;2024;Appartement;8.0;15771.929824561405;46350.0;;16;26;7;Bon;Bon;Bon;Bon
75106;2024;Maison;6.0;42580.645161290326;46350.0;;16;26;7;Bon;Bon;Bon;Bon
75106;2025;Appartement;1.0;14946.42857142857;46350.0;;16;26;7;Bon;Bon;Bon;Bon
75106;2025;Appartement;2.0;14115.384615384615;46350.0;;16;26;7;Bon;Bon;Bon;Bon
75106;2025;Appartement;3.0;14957.25925925926;46350.0;;16;26;7;Bon;Bon;Bon;Bon
75106;2025;Appartement;4.0;16705.555555555555;46350.0;;16;26;7;Bon;Bon;Bon;Bon
75106;2025;Appartement;5.0;18158.01526717557;46350.0;;16;26;7;Bon;Bon;Bon;Bon
75106;2025;Appartement;6.0;20555.103550295862;46350.0;;16;26;7;Bon;Bon;Bon;Bon
75106;2025;Appartement;7.0;20000.0;46350.0;;16;26;7;Bon;Bon;Bon;Bon
75107;2020;Appartement;0.0;44444.444444444445;51255.0;;16;26;7;Bon;Bon;Bon;Bon
75107;2020;Appartement;1.0;14583.333333333334;51255.0;;16;26;7;Bon;Bon;Bon;Bon
75107;2020;Appartement;2.0;13875.0;51255.0;;16;26;7;Bon;Bon;Bon;Bon
75107;2020;Appartement;3.0;15675.0;51255.0;;16;26;7;Bon;Bon;Bon;Bon
75107;2020;Appartement;4.0;15573.779708663431;51255.0;;16;26;7;Bon;Bon;Bon;Bon
75107;2020;Appartement;5.0;16771.822704658523;51255.0;;16;26;7;Bon;Bon;Bon;Bon
75107;2020;Appartement;6.0;15472.240294946867;51255.0;;16;26;7;Bon;Bon;Bon;Bon
75107;2020;Appartement;7.0;12956.659644670051;51255.0;;16;26;7;Bon;Bon;Bon;Bon
75107;2021;Appartement;0.0;5333333.333333333;51255.0;;16;26;7;Bon;Bon;Bon;Bon
75107;2021;Appartement;1.0;14194.594594594595;51255.0;;16;26;7;Bon;Bon;Bon;Bon
75107;2021;Appartement;2.0;14222.1;51255.0;;16;26;7;Bon;Bon;Bon;Bon
75107;2021;Appartement;3.0;15053.796296296296;51255.0;;16;26;7;Bon;Bon;Bon;Bon
75107;2021;Appartement;4.0;15763.543103448275;51255.0;;16;26;7;Bon;Bon;Bon;Bon
75107;2021;Appartement;5.0;16203.887323943662;51255.0;;16;26;7;Bon;Bon;Bon;Bon
75107;2021;Appartement;6.0;15524.096385542169;51255.0;;16;26;7;Bon;Bon;Bon;Bon
75107;2021;Appartement;7.0;14230.76923076923;51255.0;;16;26;7;Bon;Bon;Bon;Bon
75107;2021;Appartement;8.0;17519.213675213676;51255.0;;16;26;7;Bon;Bon;Bon;Bon
75107;2021;Maison;2.0;16491.043785935428;51255.0;;16;26;7;Bon;Bon;Bon;Bon
75107;2022;Appartement;1.0;14486.363636363636;51255.0;;16;26;7;Bon;Bon;Bon;Bon
75107;2022;Appartement;2.0;14410.42780748663;51255.0;;16;26;7;Bon;Bon;Bon;Bon
75107;2022;Appartement;3.0;15325.247524752474;51255.0;;16;26;7;Bon;Bon;Bon;Bon
75107;2022;Appartement;4.0;16562.2863393956;51255.0;;16;26;7;Bon;Bon;Bon;Bon
75107;2022;Appartement;5.0;16385.017421602788;51255.0;;16;26;7;Bon;Bon;Bon;Bon
75107;2022;Appartement;6.0;16862.05128205128;51255.0;;16;26;7;Bon;Bon;Bon;Bon
75107;2022;Appartement;7.0;19504.041364554854;51255.0;;16;26;7;Bon;Bon;Bon;Bon
75107;2022;Maison;3.0;4051.7241379310335;51255.0;;16;26;7;Bon;Bon;Bon;Bon
75107;2022;Maison;4.0;54987.01298701299;51255.0;;16;26;7;Bon;Bon;Bon;Bon
75107;2022;Maison;5.0;38519.92834751456;51255.0;;16;26;7;Bon;Bon;Bon;Bon
75107;2023;Appartement;0.0;18571.42857142857;51255.0;;16;26;7;Bon;Bon;Bon;Bon
75107;2023;Appartement;1.0;14055.555555555557;51255.0;;16;26;7;Bon;Bon;Bon;Bon
75107;2023;Appartement;2.0;13722.222222222224;51255.0;;16;26;7;Bon;Bon;Bon;Bon
75107;2023;Appartement;3.0;15360.0;51255.0;;16;26;7;Bon;Bon;Bon;Bon
75107;2023;Appartement;4.0;16270.3125;51255.0;;16;26;7;Bon;Bon;Bon;Bon
75107;2023;Appartement;5.0;16250.0;51255.0;;16;26;7;Bon;Bon;Bon;Bon
75107;2023;Appartement;6.0;15057.335680751174;51255.0;;16;26;7;Bon;Bon;Bon;Bon
75107;2023;Appartement;7.0;18378.37837837838;51255.0;;16;26;7;Bon;Bon;Bon;Bon
75107;2023;Appartement;8.0;23964.2;51255.0;;16;26;7;Bon;Bon;Bon;Bon
75107;2024;Appartement;1.0;13594.444444444443;51255.0;;16;26;7;Bon;Bon;Bon;Bon
75107;2024;Appartement;2.0;13534.756928668787;51255.0;;16;26;7;Bon;Bon;Bon;Bon
75107;2024;Appartement;3.0;14914.0625;51255.0;;16;26;7;Bon;Bon;Bon;Bon
75107;2024;Appartement;4.0;16535.43307086614;51255.0;;16;26;7;Bon;Bon;Bon;Bon
75107;2024;Appartement;5.0;16031.694011484824;51255.0;;16;26;7;Bon;Bon;Bon;Bon
75107;2024;Appartement;6.0;17119.147034252295;51255.0;;16;26;7;Bon;Bon;Bon;Bon
75107;2024;Appartement;7.0;19364.16184971098;51255.0;;16;26;7;Bon;Bon;Bon;Bon
75107;2024;Maison;1.0;12905.238095238095;51255.0;;16;26;7;Bon;Bon;Bon;Bon
75107;2024;Maison;3.0;305960.17771926936;51255.0;;16;26;7;Bon;Bon;Bon;Bon
75107;2025;Appartement;1.0;15245.535714285714;51255.0;;16;26;7;Bon;Bon;Bon;Bon
75107;2025;Appartement;2.0;15357.142857142857;51255.0;;16;26;7;Bon;Bon;Bon;Bon
75107;2025;Appartement;3.0;14850.0;51255.0;;16;26;7;Bon;Bon;Bon;Bon
75107;2025;Appartement;4.0;16726.923076923078;51255.0;;16;26;7;Bon;Bon;Bon;Bon
75107;2025;Appartement;5.0;22907.857142857145;51255.0;;16;26;7;Bon;Bon;Bon;Bon
75107;2025;Appartement;6.0;19247.78761061947;51255.0;;16;26;7;Bon;Bon;Bon;Bon
75107;2025;Appartement;7.0;20931.619623655915;51255.0;;16;26;7;Bon;Bon;Bon;Bon
75107;2025;Appartement;8.0;26350.0;51255.0;;16;26;7;Bon;Bon;Bon;Bon
75107;2025;Maison;2.0;29245.283018867925;51255.0;;16;26;7;Bon;Bon;Bon;Bon
75107;2025;Maison;7.0;16592.9203539823;51255.0;;16;26;7;Bon;Bon;Bon;Bon
75108;2020;Appartement;0.0;13500.0;51940.0;;16;26;9;Bon;Bon;Bon;Bon
75108;2020;Appartement;1.0;14913.793103448275;51940.0;;16;26;9;Bon;Bon;Bon;Bon
75108;2020;Appartement;2.0;13108.108108108108;51940.0;;16;26;9;Bon;Bon;Bon;Bon
75108;2020;Appartement;3.0;14666.666666666666;51940.0;;16;26;9;Bon;Bon;Bon;Bon
75108;2020;Appartement;4.0;13280.467160037002;51940.0;;16;26;9;Bon;Bon;Bon;Bon
75108;2020;Appartement;5.0;12856.102084069233;51940.0;;16;26;9;Bon;Bon;Bon;Bon
75108;2020;Appartement;6.0;13734.177215189871;51940.0;;16;26;9;Bon;Bon;Bon;Bon
75108;2020;Appartement;7.0;12735.25;51940.0;;16;26;9;Bon;Bon;Bon;Bon
75108;2020;Maison;7.0;12500.0;51940.0;;16;26;9;Bon;Bon;Bon;Bon
75108;2021;Appartement;0.0;67075.0;51940.0;;16;26;9;Bon;Bon;Bon;Bon
75108;2021;Appartement;1.0;13684.249084249084;51940.0;;16;26;9;Bon;Bon;Bon;Bon
75108;2021;Appartement;2.0;12888.888888888889;51940.0;;16;26;9;Bon;Bon;Bon;Bon
75108;2021;Appartement;3.0;12831.666666666668;51940.0;;16;26;9;Bon;Bon;Bon;Bon
75108;2021;Appartement;4.0;13059.770114942528;51940.0;;16;26;9;Bon;Bon;Bon;Bon
75108;2021;Appartement;5.0;13356.25;51940.0;;16;26;9;Bon;Bon;Bon;Bon
75108;2021;Appartement;6.0;12311.436170212766;51940.0;;16;26;9;Bon;Bon;Bon;Bon
75108;2021;Appartement;7.0;11773.026315789471;51940.0;;16;26;9;Bon;Bon;Bon;Bon
75108;2021;Maison;6.0;16666.666666666668;51940.0;;16;26;9;Bon;Bon;Bon;Bon
75108;2022;Appartement;0.0;3642857.142857143;51940.0;;16;26;9;Bon;Bon;Bon;Bon
75108;2022;Appartement;1.0;14508.333333333332;51940.0;;16;26;9;Bon;Bon;Bon;Bon
75108;2022;Appartement;2.0;13351.41065830721;51940.0;;16;26;9;Bon;Bon;Bon;Bon
75108;2022;Appartement;3.0;13157.894736842103;51940.0;;16;26;9;Bon;Bon;Bon;Bon
75108;2022;Appartement;4.0;13126.931818181818;51940.0;;16;26;9;Bon;Bon;Bon;Bon
75108;2022;Appartement;5.0;13529.016853932584;51940.0;;16;26;9;Bon;Bon;Bon;Bon
75108;2022;Appartement;6.0;13044.846153846154;51940.0;;16;26;9;Bon;Bon;Bon;Bon
75108;2022;Appartement;7.0;13517.64705882353;51940.0;;16;26;9;Bon;Bon;Bon;Bon
75108;2022;Appartement;8.0;319444.44444444444;51940.0;;16;26;9;Bon;Bon;Bon;Bon
75108;2023;Appartement;0.0;10000.0;51940.0;;16;26;9;Bon;Bon;Bon;Bon
75108;2023;Appartement;1.0;13617.391304347826;51940.0;;16;26;9;Bon;Bon;Bon;Bon
75108;2023;Appartement;2.0;13272.727272727272;51940.0;;16;26;9;Bon;Bon;Bon;Bon
75108;2023;Appartement;3.0;12891.666666666666;51940.0;;16;26;9;Bon;Bon;Bon;Bon
75108;2023;Appartement;4.0;13181.818181818182;51940.0;;16;26;9;Bon;Bon;Bon;Bon
75108;2023;Appartement;5.0;13655.172413793103;51940.0;;16;26;9;Bon;Bon;Bon;Bon
75108;2023;Appartement;6.0;13430.225988700566;51940.0;;16;26;9;Bon;Bon;Bon;Bon
75108;2023;Appartement;7.0;11478.100233100235;51940.0;;16;26;9;Bon;Bon;Bon;Bon
75108;2023;Appartement;8.0;131463.93528574638;51940.0;;16;26;9;Bon;Bon;Bon;Bon
75108;2023;Maison;4.0;20315.83333333333;51940.0;;16;26;9;Bon;Bon;Bon;Bon
75108;2024;Appartement;1.0;12834.90579710145;51940.0;;16;26;9;Bon;Bon;Bon;Bon
75108;2024;Appartement;2.0;12937.5;51940.0;;16;26;9;Bon;Bon;Bon;Bon
75108;2024;Appartement;3.0;12500.0;51940.0;;16;26;9;Bon;Bon;Bon;Bon
75108;2024;Appartement;4.0;13446.601941747573;51940.0;;16;26;9;Bon;Bon;Bon;Bon
75108;2024;Appartement;5.0;13529.411764705885;51940.0;;16;26;9;Bon;Bon;Bon;Bon
75108;2024;Appartement;6.0;12337.570621468927;51940.0;;16;26;9;Bon;Bon;Bon;Bon
75108;2024;Appartement;7.0;11188.811188811187;51940.0;;16;26;9;Bon;Bon;Bon;Bon
75108;2025;Appartement;1.0;14000.0;51940.0;;16;26;9;Bon;Bon;Bon;Bon
75108;2025;Appartement;2.0;13098.0783045977;51940.0;;16;26;9;Bon;Bon;Bon;Bon
75108;2025;Appartement;3.0;12562.5;51940.0;;16;26;9;Bon;Bon;Bon;Bon
75108;2025;Appartement;4.0;13342.968221771469;51940.0;;16;26;9;Bon;Bon;Bon;Bon
75108;2025;Appartement;5.0;13545.454545454546;51940.0;;16;26;9;Bon;Bon;Bon;Bon
75108;2025;Appartement;6.0;11249.645390070922;51940.0;;16;26;9;Bon;Bon;Bon;Bon
75108;2025;Appartement;7.0;13488.194444444443;51940.0;;16;26;9;Bon;Bon;Bon;Bon
75108;2025;Maison;5.0;16935.483870967742;51940.0;;16;26;9;Bon;Bon;Bon;Bon
75109;2020;Appartement;1.0;12819.736842105263;39930.0;;16;26;7;Bon;Bon;Bon;Bon
75109;2020;Appartement;2.0;12825.877192982456;39930.0;;16;26;7;Bon;Bon;Bon;Bon
75109;2020;Appartement;3.0;12884.615384615385;39930.0;;16;26;7;Bon;Bon;Bon;Bon
75109;2020;Appartement;4.0;12385.321100917432;39930.0;;16;26;7;Bon;Bon;Bon;Bon
75109;2020;Appartement;5.0;12606.245173745174;39930.0;;16;26;7;Bon;Bon;Bon;Bon
75109;2020;Appartement;6.0;15763.070700636943;39930.0;;16;26;7;Bon;Bon;Bon;Bon
75109;2020;Appartement;7.0;12523.582089552237;39930.0;;16;26;7;Bon;Bon;Bon;Bon
75109;2020;Appartement;8.0;2217.391304347826;39930.0;;16;26;7;Bon;Bon;Bon;Bon
75109;2021;Appartement;0.0;406250.0;39930.0;;16;26;7;Bon;Bon;Bon;Bon
75109;2021;Appartement;1.0;11545.454545454546;39930.0;;16;26;7;Bon;Bon;Bon;Bon
75109;2021;Appartement;2.0;12006.138888888887;39930.0;;16;26;7;Bon;Bon;Bon;Bon
75109;2021;Appartement;3.0;12209.302325581397;39930.0;;16;26;7;Bon;Bon;Bon;Bon
75109;2021;Appartement;4.0;11911.764705882351;39930.0;;16;26;7;Bon;Bon;Bon;Bon
75109;2021;Appartement;5.0;12231.521739130434;39930.0;;16;26;7;Bon;Bon;Bon;Bon
75109;2021;Appartement;6.0;12649.032767469405;39930.0;;16;26;7;Bon;Bon;Bon;Bon
75109;2021;Appartement;7.0;4870.12987012987;39930.0;;16;26;7;Bon;Bon;Bon;Bon
75109;2021;Appartement;8.0;13824.787878787878;39930.0;;16;26;7;Bon;Bon;Bon;Bon
75109;2021;Maison;2.0;155147.0588235294;39930.0;;16;26;7;Bon;Bon;Bon;Bon
75109;2021;Maison;4.0;23126.666666666668;39930.0;;16;26;7;Bon;Bon;Bon;Bon
75109;2022;Appartement;0.0;17142.85714285714;39930.0;;16;26;7;Bon;Bon;Bon;Bon
75109;2022;Appartement;1.0;11642.247272727273;39930.0;;16;26;7;Bon;Bon;Bon;Bon
75109;2022;Appartement;2.0;11869.09090909091;39930.0;;16;26;7;Bon;Bon;Bon;Bon
75109;2022;Appartement;3.0;11926.075268817203;39930.0;;16;26;7;Bon;Bon;Bon;Bon
75109;2022;Appartement;4.0;12631.578947368422;39930.0;;16;26;7;Bon;Bon;Bon;Bon
75109;2022;Appartement;5.0;12133.333333333334;39930.0;;16;26;7;Bon;Bon;Bon;Bon
75109;2022;Appartement;6.0;12211.530612244898;39930.0;;16;26;7;Bon;Bon;Bon;Bon
75109;2022;Appartement;7.0;11365.868263473054;39930.0;;16;26;7;Bon;Bon;Bon;Bon
75109;2022;Appartement;8.0;8900.0;39930.0;;16;26;7;Bon;Bon;Bon;Bon
75109;2022;Maison;4.0;17117.272727272728;39930.0;;16;26;7;Bon;Bon;Bon;Bon
75109;2023;Appartement;0.0;45733.333333333336;39930.0;;16;26;7;Bon;Bon;Bon;Bon
75109;2023;Appartement;1.0;11000.0;39930.0;;16;26;7;Bon;Bon;Bon;Bon
75109;2023;Appartement;2.0;11324.561403508771;39930.0;;16;26;7;Bon;Bon;Bon;Bon
75109;2023;Appartement;3.0;11381.766666666666;39930.0;;16;26;7;Bon;Bon;Bon;Bon
75109;2023;Appartement;4.0;12067.727272727272;39930.0;;16;26;7;Bon;Bon;Bon;Bon
75109;2023;Appartement;5.0;12387.755102040815;39930.0;;16;26;7;Bon;Bon;Bon;Bon
75109;2023;Appartement;6.0;11345.02923976608;39930.0;;16;26;7;Bon;Bon;Bon;Bon
75109;2023;Appartement;7.0;11006.613756613757;39930.0;;16;26;7;Bon;Bon;Bon;Bon
75109;2023;Appartement;8.0;11719.542857142857;39930.0;;16;26;7;Bon;Bon;Bon;Bon
75109;2024;Appartement;0.0;31350.0;39930.0;;16;26;7;Bon;Bon;Bon;Bon
75109;2024;Appartement;1.0;10687.062937062936;39930.0;;16;26;7;Bon;Bon;Bon;Bon
75109;2024;Appartement;2.0;10661.111111111111;39930.0;;16;26;7;Bon;Bon;Bon;Bon
75109;2024;Appartement;3.0;11037.735849056604;39930.0;;16;26;7;Bon;Bon;Bon;Bon
75109;2024;Appartement;4.0;11155.578381795196;39930.0;;16;26;7;Bon;Bon;Bon;Bon
75109;2024;Appartement;5.0;10650.714285714286;39930.0;;16;26;7;Bon;Bon;Bon;Bon
75109;2024;Appartement;6.0;10551.911157024795;39930.0;;16;26;7;Bon;Bon;Bon;Bon
75109;2024;Appartement;7.0;11540.123456790123;39930.0;;16;26;7;Bon;Bon;Bon;Bon
75109;2024;Maison;2.0;15529.411764705885;39930.0;;16;26;7;Bon;Bon;Bon;Bon
75109;2025;Appartement;0.0;4990.740740740741;39930.0;;16;26;7;Bon;Bon;Bon;Bon
75109;2025;Appartement;1.0;11000.0;39930.0;;16;26;7;Bon;Bon;Bon;Bon
75109;2025;Appartement;2.0;11541.666666666666;39930.0;;16;26;7;Bon;Bon;Bon;Bon
75109;2025;Appartement;3.0;11040.0;39930.0;;16;26;7;Bon;Bon;Bon;Bon
75109;2025;Appartement;4.0;12364.70588235294;39930.0;;16;26;7;Bon;Bon;Bon;Bon
75109;2025;Appartement;5.0;12200.0;39930.0;;16;26;7;Bon;Bon;Bon;Bon
75109;2025;Appartement;6.0;12800.343053173241;39930.0;;16;26;7;Bon;Bon;Bon;Bon
75109;2025;Appartement;7.0;582286.9565217391;39930.0;;16;26;7;Bon;Bon;Bon;Bon
75110;2020;Appartement;0.0;50901.51515151515;30150.0;;17;26;9;Bon;Bon;Bon;Bon
75110;2020;Appartement;1.0;11538.46153846154;30150.0;;17;26;9;Bon;Bon;Bon;Bon
75110;2020;Appartement;2.0;11450.320512820512;30150.0;;17;26;9;Bon;Bon;Bon;Bon
75110;2020;Appartement;3.0;11257.894736842103;30150.0;;17;26;9;Bon;Bon;Bon;Bon
75110;2020;Appartement;4.0;10831.25;30150.0;;17;26;9;Bon;Bon;Bon;Bon
75110;2020;Appartement;5.0;10284.089285714286;30150.0;;17;26;9;Bon;Bon;Bon;Bon
75110;2020;Appartement;6.0;9366.013071895424;30150.0;;17;26;9;Bon;Bon;Bon;Bon
75110;2020;Appartement;7.0;8400.0;30150.0;;17;26;9;Bon;Bon;Bon;Bon
75110;2021;Appartement;0.0;14583.333333333334;30150.0;;17;26;9;Bon;Bon;Bon;Bon
75110;2021;Appartement;1.0;11011.904761904763;30150.0;;17;26;9;Bon;Bon;Bon;Bon
75110;2021;Appartement;2.0;10636.818181818182;30150.0;;17;26;9;Bon;Bon;Bon;Bon
75110;2021;Appartement;3.0;10625.0;30150.0;;17;26;9;Bon;Bon;Bon;Bon
75110;2021;Appartement;4.0;10523.209718670078;30150.0;;17;26;9;Bon;Bon;Bon;Bon
75110;2021;Appartement;5.0;10442.330570291777;30150.0;;17;26;9;Bon;Bon;Bon;Bon
75110;2021;Appartement;6.0;9267.51592356688;30150.0;;17;26;9;Bon;Bon;Bon;Bon
75110;2021;Appartement;7.0;9193.548387096776;30150.0;;17;26;9;Bon;Bon;Bon;Bon
75110;2022;Appartement;0.0;39871.875;30150.0;;17;26;9;Bon;Bon;Bon;Bon
75110;2022;Appartement;1.0;11005.833333333334;30150.0;;17;26;9;Bon;Bon;Bon;Bon
75110;2022;Appartement;2.0;10697.67441860465;30150.0;;17;26;9;Bon;Bon;Bon;Bon
75110;2022;Appartement;3.0;10687.254901960785;30150.0;;17;26;9;Bon;Bon;Bon;Bon
75110;2022;Appartement;4.0;10427.87356321839;30150.0;;17;26;9;Bon;Bon;Bon;Bon
75110;2022;Appartement;5.0;10530.430622009568;30150.0;;17;26;9;Bon;Bon;Bon;Bon
75110;2022;Appartement;6.0;10815.625;30150.0;;17;26;9;Bon;Bon;Bon;Bon
75110;2022;Appartement;7.0;13366.875;30150.0;;17;26;9;Bon;Bon;Bon;Bon
75110;2023;Appartement;0.0;7222.222222222223;30150.0;;17;26;9;Bon;Bon;Bon;Bon
75110;2023;Appartement;1.0;10043.478260869566;30150.0;;17;26;9;Bon;Bon;Bon;Bon
75110;2023;Appartement;2.0;10000.0;30150.0;;17;26;9;Bon;Bon;Bon;Bon
75110;2023;Appartement;3.0;10170.0;30150.0;;17;26;9;Bon;Bon;Bon;Bon
75110;2023;Appartement;4.0;9619.565217391304;30150.0;;17;26;9;Bon;Bon;Bon;Bon
75110;2023;Appartement;5.0;9572.649572649572;30150.0;;17;26;9;Bon;Bon;Bon;Bon
75110;2023;Appartement;6.0;8724.897205172518;30150.0;;17;26;9;Bon;Bon;Bon;Bon
75110;2023;Appartement;7.0;6863.636363636364;30150.0;;17;26;9;Bon;Bon;Bon;Bon
75110;2023;Appartement;8.0;8947.368421052632;30150.0;;17;26;9;Bon;Bon;Bon;Bon
75110;2024;Appartement;0.0;9848.888888888889;30150.0;;17;26;9;Bon;Bon;Bon;Bon
75110;2024;Appartement;1.0;9355.172413793103;30150.0;;17;26;9;Bon;Bon;Bon;Bon
75110;2024;Appartement;2.0;9179.232594936708;30150.0;;17;26;9;Bon;Bon;Bon;Bon
75110;2024;Appartement;3.0;9396.551724137931;30150.0;;17;26;9;Bon;Bon;Bon;Bon
75110;2024;Appartement;4.0;9410.714285714286;30150.0;;17;26;9;Bon;Bon;Bon;Bon
75110;2024;Appartement;5.0;9052.631578947368;30150.0;;17;26;9;Bon;Bon;Bon;Bon
75110;2024;Appartement;6.0;9122.395833333334;30150.0;;17;26;9;Bon;Bon;Bon;Bon
75110;2024;Appartement;7.0;3962.121897710133;30150.0;;17;26;9;Bon;Bon;Bon;Bon
75110;2025;Appartement;1.0;9296.153846153846;30150.0;;17;26;9;Bon;Bon;Bon;Bon
75110;2025;Appartement;2.0;9592.307692307691;30150.0;;17;26;9;Bon;Bon;Bon;Bon
75110;2025;Appartement;3.0;9393.382352941175;30150.0;;17;26;9;Bon;Bon;Bon;Bon
75110;2025;Appartement;4.0;9918.032786885247;30150.0;;17;26;9;Bon;Bon;Bon;Bon
75110;2025;Appartement;5.0;9077.777777777776;30150.0;;17;26;9;Bon;Bon;Bon;Bon
75110;2025;Appartement;6.0;10072.992700729928;30150.0;;17;26;9;Bon;Bon;Bon;Bon
75111;2020;Appartement;0.0;23003.26797385621;31300.0;;17;26;9;Bon;Bon;Bon;Bon
75111;2020;Appartement;1.0;11428.57142857143;31300.0;;17;26;9;Bon;Bon;Bon;Bon
75111;2020;Appartement;2.0;11250.0;31300.0;;17;26;9;Bon;Bon;Bon;Bon
75111;2020;Appartement;3.0;11095.238095238095;31300.0;;17;26;9;Bon;Bon;Bon;Bon
75111;2020;Appartement;4.0;11641.481481481482;31300.0;;17;26;9;Bon;Bon;Bon;Bon
75111;2020;Appartement;5.0;11138.61386138614;31300.0;;17;26;9;Bon;Bon;Bon;Bon
75111;2020;Appartement;6.0;12665.861436309628;31300.0;;17;26;9;Bon;Bon;Bon;Bon
75111;2020;Maison;2.0;1440000.0;31300.0;;17;26;9;Bon;Bon;Bon;Bon
75111;2020;Maison;4.0;14937.5;31300.0;;17;26;9;Bon;Bon;Bon;Bon
75111;2020;Maison;5.0;13192.792792792792;31300.0;;17;26;9;Bon;Bon;Bon;Bon
75111;2020;Maison;7.0;12187.05035971223;31300.0;;17;26;9;Bon;Bon;Bon;Bon
75111;2021;Appartement;0.0;10000.0;31300.0;;17;26;9;Bon;Bon;Bon;Bon
75111;2021;Appartement;1.0;11250.0;31300.0;;17;26;9;Bon;Bon;Bon;Bon
75111;2021;Appartement;2.0;11279.06976744186;31300.0;;17;26;9;Bon;Bon;Bon;Bon
75111;2021;Appartement;3.0;11178.399228543876;31300.0;;17;26;9;Bon;Bon;Bon;Bon
75111;2021;Appartement;4.0;11362.222222222223;31300.0;;17;26;9;Bon;Bon;Bon;Bon
75111;2021;Appartement;5.0;10980.76923076923;31300.0;;17;26;9;Bon;Bon;Bon;Bon
75111;2021;Appartement;6.0;10039.65392934391;31300.0;;17;26;9;Bon;Bon;Bon;Bon
75111;2021;Maison;6.0;30000.0;31300.0;;17;26;9;Bon;Bon;Bon;Bon
75111;2022;Appartement;0.0;11259.25925925926;31300.0;;17;26;9;Bon;Bon;Bon;Bon
75111;2022;Appartement;1.0;11100.0;31300.0;;17;26;9;Bon;Bon;Bon;Bon
75111;2022;Appartement;2.0;11200.0;31300.0;;17;26;9;Bon;Bon;Bon;Bon
75111;2022;Appartement;3.0;11056.338028169012;31300.0;;17;26;9;Bon;Bon;Bon;Bon
75111;2022;Appartement;4.0;11400.0;31300.0;;17;26;9;Bon;Bon;Bon;Bon
75111;2022;Appartement;5.0;10752.334217506632;31300.0;;17;26;9;Bon;Bon;Bon;Bon
75111;2022;Appartement;6.0;10385.89588377724;31300.0;;17;26;9;Bon;Bon;Bon;Bon
75111;2022;Appartement;8.0;483181.21693121694;31300.0;;17;26;9;Bon;Bon;Bon;Bon
75111;2022;Maison;3.0;16806.245614035088;31300.0;;17;26;9;Bon;Bon;Bon;Bon
75111;2022;Maison;4.0;21839.080459770117;31300.0;;17;26;9;Bon;Bon;Bon;Bon
75111;2023;Appartement;0.0;11598.809523809523;31300.0;;17;26;9;Bon;Bon;Bon;Bon
75111;2023;Appartement;1.0;10166.666666666666;31300.0;;17;26;9;Bon;Bon;Bon;Bon
75111;2023;Appartement;2.0;10500.0;31300.0;;17;26;9;Bon;Bon;Bon;Bon
75111;2023;Appartement;3.0;10634.920634920634;31300.0;;17;26;9;Bon;Bon;Bon;Bon
75111;2023;Appartement;4.0;10132.530120481928;31300.0;;17;26;9;Bon;Bon;Bon;Bon
75111;2023;Appartement;5.0;10585.45566712049;31300.0;;17;26;9;Bon;Bon;Bon;Bon
75111;2023;Appartement;6.0;10569.105691056911;31300.0;;17;26;9;Bon;Bon;Bon;Bon
75111;2023;Maison;6.0;46000.0;31300.0;;17;26;9;Bon;Bon;Bon;Bon
75111;2023;Maison;7.0;13776.978417266188;31300.0;;17;26;9;Bon;Bon;Bon;Bon
75111;2024;Appartement;0.0;11450.0;31300.0;;17;26;9;Bon;Bon;Bon;Bon
75111;2024;Appartement;1.0;10087.121212121212;31300.0;;17;26;9;Bon;Bon;Bon;Bon
75111;2024;Appartement;2.0;10028.445512820512;31300.0;;17;26;9;Bon;Bon;Bon;Bon
75111;2024;Appartement;3.0;10183.235294117649;31300.0;;17;26;9;Bon;Bon;Bon;Bon
75111;2024;Appartement;4.0;10783.377425044091;31300.0;;17;26;9;Bon;Bon;Bon;Bon
75111;2024;Appartement;5.0;10476.923076923076;31300.0;;17;26;9;Bon;Bon;Bon;Bon
75111;2024;Appartement;6.0;9468.299077181207;31300.0;;17;26;9;Bon;Bon;Bon;Bon
75111;2024;Appartement;7.0;6095.192130906416;31300.0;;17;26;9;Bon;Bon;Bon;Bon
75111;2024;Maison;3.0;20000.0;31300.0;;17;26;9;Bon;Bon;Bon;Bon
75111;2025;Appartement;0.0;23375.0;31300.0;;17;26;9;Bon;Bon;Bon;Bon
75111;2025;Appartement;1.0;9701.851851851852;31300.0;;17;26;9;Bon;Bon;Bon;Bon
75111;2025;Appartement;2.0;9918.361702127659;31300.0;;17;26;9;Bon;Bon;Bon;Bon
75111;2025;Appartement;3.0;10101.27357891394;31300.0;;17;26;9;Bon;Bon;Bon;Bon
75111;2025;Appartement;4.0;10216.63577386469;31300.0;;17;26;9;Bon;Bon;Bon;Bon
75111;2025;Appartement;5.0;9777.777777777776;31300.0;;17;26;9;Bon;Bon;Bon;Bon
75111;2025;Appartement;6.0;10185.754985754986;31300.0;;17;26;9;Bon;Bon;Bon;Bon
75111;2025;Appartement;7.0;5197.2789115646265;31300.0;;17;26;9;Bon;Bon;Bon;Bon
75112;2020;Appartement;0.0;19850.0;32850.0;;16;27;9;Bon;Bon;Bon;Bon
75112;2020;Appartement;1.0;10589.285714285714;32850.0;;16;27;9;Bon;Bon;Bon;Bon
75112;2020;Appartement;2.0;10652.573443008225;32850.0;;16;27;9;Bon;Bon;Bon;Bon
75112;2020;Appartement;3.0;10432.867494824017;32850.0;;16;27;9;Bon;Bon;Bon;Bon
75112;2020;Appartement;4.0;10099.2951907131;32850.0;;16;27;9;Bon;Bon;Bon;Bon
75112;2020;Appartement;5.0;10960.7476635514;32850.0;;16;27;9;Bon;Bon;Bon;Bon
75112;2020;Appartement;6.0;9775.0;32850.0;;16;27;9;Bon;Bon;Bon;Bon
75112;2020;Maison;2.0;9323.8;32850.0;;16;27;9;Bon;Bon;Bon;Bon
75112;2020;Maison;3.0;18338.95833333333;32850.0;;16;27;9;Bon;Bon;Bon;Bon
75112;2020;Maison;4.0;16158.536585365851;32850.0;;16;27;9;Bon;Bon;Bon;Bon
75112;2020;Maison;5.0;16757.74193548387;32850.0;;16;27;9;Bon;Bon;Bon;Bon
75112;2020;Maison;6.0;13625.0;32850.0;;16;27;9;Bon;Bon;Bon;Bon
75112;2020;Maison;8.0;12000.0;32850.0;;16;27;9;Bon;Bon;Bon;Bon
75112;2021;Appartement;0.0;16666.666666666668;32850.0;;16;27;9;Bon;Bon;Bon;Bon
75112;2021;Appartement;1.0;10675.569715142428;32850.0;;16;27;9;Bon;Bon;Bon;Bon
75112;2021;Appartement;2.0;10375.0;32850.0;;16;27;9;Bon;Bon;Bon;Bon
75112;2021;Appartement;3.0;10416.666666666666;32850.0;;16;27;9;Bon;Bon;Bon;Bon
75112;2021;Appartement;4.0;10485.871271585554;32850.0;;16;27;9;Bon;Bon;Bon;Bon
75112;2021;Appartement;5.0;10472.44094488189;32850.0;;16;27;9;Bon;Bon;Bon;Bon
75112;2021;Appartement;6.0;11242.90780141844;32850.0;;16;27;9;Bon;Bon;Bon;Bon
75112;2021;Appartement;7.0;11305.555555555557;32850.0;;16;27;9;Bon;Bon;Bon;Bon
75112;2021;Appartement;8.0;8818.791946308726;32850.0;;16;27;9;Bon;Bon;Bon;Bon
75112;2021;Maison;3.0;12250.0;32850.0;;16;27;9;Bon;Bon;Bon;Bon
75112;2021;Maison;4.0;11764.506993006993;32850.0;;16;27;9;Bon;Bon;Bon;Bon
75112;2021;Maison;5.0;13000.0;32850.0;;16;27;9;Bon;Bon;Bon;Bon
75112;2021;Maison;6.0;10300.925925925923;32850.0;;16;27;9;Bon;Bon;Bon;Bon
75112;2021;Maison;8.0;13354.166666666666;32850.0;;16;27;9;Bon;Bon;Bon;Bon
75112;2022;Appartement;0.0;14291.666666666666;32850.0;;16;27;9;Bon;Bon;Bon;Bon
75112;2022;Appartement;1.0;10327.380952380952;32850.0;;16;27;9;Bon;Bon;Bon;Bon
75112;2022;Appartement;2.0;10138.071895424837;32850.0;;16;27;9;Bon;Bon;Bon;Bon
75112;2022;Appartement;3.0;10142.231209976406;32850.0;;16;27;9;Bon;Bon;Bon;Bon
75112;2022;Appartement;4.0;10202.702702702703;32850.0;;16;27;9;Bon;Bon;Bon;Bon
75112;2022;Appartement;5.0;10187.5;32850.0;;16;27;9;Bon;Bon;Bon;Bon
75112;2022;Appartement;6.0;10348.125;32850.0;;16;27;9;Bon;Bon;Bon;Bon
75112;2022;Appartement;7.0;7076.779788838612;32850.0;;16;27;9;Bon;Bon;Bon;Bon
75112;2022;Maison;3.0;7496.449704142012;32850.0;;16;27;9;Bon;Bon;Bon;Bon
75112;2022;Maison;4.0;9297.744360902256;32850.0;;16;27;9;Bon;Bon;Bon;Bon
75112;2022;Maison;5.0;18750.0;32850.0;;16;27;9;Bon;Bon;Bon;Bon
75112;2022;Maison;6.0;10579.710144927536;32850.0;;16;27;9;Bon;Bon;Bon;Bon
75112;2022;Maison;7.0;13596.694915254237;32850.0;;16;27;9;Bon;Bon;Bon;Bon
75112;2022;Maison;8.0;15238.09523809524;32850.0;;16;27;9;Bon;Bon;Bon;Bon
75112;2023;Appartement;0.0;7303.030303030302;32850.0;;16;27;9;Bon;Bon;Bon;Bon
75112;2023;Appartement;1.0;9531.25;32850.0;;16;27;9;Bon;Bon;Bon;Bon
75112;2023;Appartement;2.0;9600.0;32850.0;;16;27;9;Bon;Bon;Bon;Bon
75112;2023;Appartement;3.0;9589.55223880597;32850.0;;16;27;9;Bon;Bon;Bon;Bon
75112;2023;Appartement;4.0;9921.875;32850.0;;16;27;9;Bon;Bon;Bon;Bon
75112;2023;Appartement;5.0;9847.944793301936;32850.0;;16;27;9;Bon;Bon;Bon;Bon
75112;2023;Appartement;6.0;10299.815950920243;32850.0;;16;27;9;Bon;Bon;Bon;Bon
75112;2023;Appartement;7.0;4697.802197802198;32850.0;;16;27;9;Bon;Bon;Bon;Bon
75112;2023;Maison;2.0;249066.66666666663;32850.0;;16;27;9;Bon;Bon;Bon;Bon
75112;2023;Maison;3.0;11481.481481481482;32850.0;;16;27;9;Bon;Bon;Bon;Bon
75112;2023;Maison;6.0;15415.561224489795;32850.0;;16;27;9;Bon;Bon;Bon;Bon
75112;2023;Maison;7.0;11722.222222222224;32850.0;;16;27;9;Bon;Bon;Bon;Bon
75112;2024;Appartement;0.0;10511.0;32850.0;;16;27;9;Bon;Bon;Bon;Bon
75112;2024;Appartement;1.0;9090.90909090909;32850.0;;16;27;9;Bon;Bon;Bon;Bon
75112;2024;Appartement;2.0;9000.0;32850.0;;16;27;9;Bon;Bon;Bon;Bon
75112;2024;Appartement;3.0;8840.90909090909;32850.0;;16;27;9;Bon;Bon;Bon;Bon
75112;2024;Appartement;4.0;8962.629569012548;32850.0;;16;27;9;Bon;Bon;Bon;Bon
75112;2024;Appartement;5.0;9468.75;32850.0;;16;27;9;Bon;Bon;Bon;Bon
75112;2024;Appartement;6.0;6653.579710144928;32850.0;;16;27;9;Bon;Bon;Bon;Bon
75112;2024;Appartement;7.0;9164.583333333334;32850.0;;16;27;9;Bon;Bon;Bon;Bon
75112;2024;Maison;2.0;10833.333333333334;32850.0;;16;27;9;Bon;Bon;Bon;Bon
75112;2024;Maison;3.0;13398.809523809523;32850.0;;16;27;9;Bon;Bon;Bon;Bon
75112;2024;Maison;4.0;18624.17910447761;32850.0;;16;27;9;Bon;Bon;Bon;Bon
75112;2025;Appartement;0.0;7977.133333333333;32850.0;;16;27;9;Bon;Bon;Bon;Bon
75112;2025;Appartement;1.0;9013.888888888887;32850.0;;16;27;9;Bon;Bon;Bon;Bon
75112;2025;Appartement;2.0;8888.888888888889;32850.0;;16;27;9;Bon;Bon;Bon;Bon
75112;2025;Appartement;3.0;9085.106382978724;32850.0;;16;27;9;Bon;Bon;Bon;Bon
75112;2025;Appartement;4.0;8590.90909090909;32850.0;;16;27;9;Bon;Bon;Bon;Bon
75112;2025;Appartement;5.0;8870.01661129568;32850.0;;16;27;9;Bon;Bon;Bon;Bon
75112;2025;Appartement;6.0;8125.0;32850.0;;16;27;9;Bon;Bon;Bon;Bon
75112;2025;Maison;4.0;13819.444444444443;32850.0;;16;27;9;Bon;Bon;Bon;Bon
75112;2025;Maison;5.0;20862.068965517243;32850.0;;16;27;9;Bon;Bon;Bon;Bon
75113;2020;Appartement;0.0;9250.0;25675.0;;15;27;9;Bon;Bon;Bon;Bon
75113;2020;Appartement;1.0;10517.241379310344;25675.0;;15;27;9;Bon;Bon;Bon;Bon
75113;2020;Appartement;2.0;9986.666666666666;25675.0;;15;27;9;Bon;Bon;Bon;Bon
75113;2020;Appartement;3.0;9971.153846153846;25675.0;;15;27;9;Bon;Bon;Bon;Bon
75113;2020;Appartement;4.0;9295.205479452055;25675.0;;15;27;9;Bon;Bon;Bon;Bon
75113;2020;Appartement;5.0;9681.310642813827;25675.0;;15;27;9;Bon;Bon;Bon;Bon
75113;2020;Appartement;6.0;8812.5;25675.0;;15;27;9;Bon;Bon;Bon;Bon
75113;2020;Appartement;7.0;5151.515151515152;25675.0;;15;27;9;Bon;Bon;Bon;Bon
75113;2020;Maison;3.0;10273.972602739726;25675.0;;15;27;9;Bon;Bon;Bon;Bon
75113;2020;Maison;4.0;11789.066091954024;25675.0;;15;27;9;Bon;Bon;Bon;Bon
75113;2020;Maison;5.0;12545.454545454546;25675.0;;15;27;9;Bon;Bon;Bon;Bon
75113;2020;Maison;6.0;15910.326086956522;25675.0;;15;27;9;Bon;Bon;Bon;Bon
75113;2020;Maison;7.0;7088.888888888889;25675.0;;15;27;9;Bon;Bon;Bon;Bon
75113;2020;Maison;8.0;12866.666666666666;25675.0;;15;27;9;Bon;Bon;Bon;Bon
75113;2021;Appartement;0.0;9571.42857142857;25675.0;;15;27;9;Bon;Bon;Bon;Bon
75113;2021;Appartement;1.0;10692.307692307691;25675.0;;15;27;9;Bon;Bon;Bon;Bon
75113;2021;Appartement;2.0;9843.75;25675.0;;15;27;9;Bon;Bon;Bon;Bon
75113;2021;Appartement;3.0;9499.27536231884;25675.0;;15;27;9;Bon;Bon;Bon;Bon
75113;2021;Appartement;4.0;9670.454545454546;25675.0;;15;27;9;Bon;Bon;Bon;Bon
75113;2021;Appartement;5.0;10115.27972027972;25675.0;;15;27;9;Bon;Bon;Bon;Bon
75113;2021;Appartement;6.0;7784.615384615385;25675.0;;15;27;9;Bon;Bon;Bon;Bon
75113;2021;Appartement;7.0;9574.468085106382;25675.0;;15;27;9;Bon;Bon;Bon;Bon
75113;2021;Maison;2.0;15000.0;25675.0;;15;27;9;Bon;Bon;Bon;Bon
75113;2021;Maison;3.0;23520.734126984127;25675.0;;15;27;9;Bon;Bon;Bon;Bon
75113;2021;Maison;4.0;17695.03546099291;25675.0;;15;27;9;Bon;Bon;Bon;Bon
75113;2021;Maison;5.0;12939.068100358425;25675.0;;15;27;9;Bon;Bon;Bon;Bon
75113;2021;Maison;6.0;17503.2;25675.0;;15;27;9;Bon;Bon;Bon;Bon
75113;2022;Appartement;0.0;12277.058823529413;25675.0;;15;27;9;Bon;Bon;Bon;Bon
75113;2022;Appartement;1.0;10232.558139534884;25675.0;;15;27;9;Bon;Bon;Bon;Bon
75113;2022;Appartement;2.0;9800.0;25675.0;;15;27;9;Bon;Bon;Bon;Bon
75113;2022;Appartement;3.0;9755.31914893617;25675.0;;15;27;9;Bon;Bon;Bon;Bon
75113;2022;Appartement;4.0;9596.354166666668;25675.0;;15;27;9;Bon;Bon;Bon;Bon
75113;2022;Appartement;5.0;9769.49152542373;25675.0;;15;27;9;Bon;Bon;Bon;Bon
75113;2022;Appartement;6.0;10128.625690607736;25675.0;;15;27;9;Bon;Bon;Bon;Bon
75113;2022;Maison;1.0;29375.0;25675.0;;15;27;9;Bon;Bon;Bon;Bon
75113;2022;Maison;3.0;16505.087209302324;25675.0;;15;27;9;Bon;Bon;Bon;Bon
75113;2022;Maison;4.0;16000.0;25675.0;;15;27;9;Bon;Bon;Bon;Bon
75113;2022;Maison;5.0;11730.76923076923;25675.0;;15;27;9;Bon;Bon;Bon;Bon
75113;2022;Maison;6.0;14400.0;25675.0;;15;27;9;Bon;Bon;Bon;Bon
75113;2023;Appartement;0.0;11736.842105263158;25675.0;;15;27;9;Bon;Bon;Bon;Bon
75113;2023;Appartement;1.0;9294.117647058823;25675.0;;15;27;9;Bon;Bon;Bon;Bon
75113;2023;Appartement;2.0;9217.218137254902;25675.0;;15;27;9;Bon;Bon;Bon;Bon
75113;2023;Appartement;3.0;9119.047619047618;25675.0;;15;27;9;Bon;Bon;Bon;Bon
75113;2023;Appartement;4.0;8863.636363636364;25675.0;;15;27;9;Bon;Bon;Bon;Bon
75113;2023;Appartement;5.0;8995.191840926065;25675.0;;15;27;9;Bon;Bon;Bon;Bon
75113;2023;Appartement;6.0;4388.888888888889;25675.0;;15;27;9;Bon;Bon;Bon;Bon
75113;2023;Appartement;7.0;8787.878787878788;25675.0;;15;27;9;Bon;Bon;Bon;Bon
75113;2023;Maison;2.0;20270.833333333332;25675.0;;15;27;9;Bon;Bon;Bon;Bon
75113;2023;Maison;3.0;22857.14285714286;25675.0;;15;27;9;Bon;Bon;Bon;Bon
75113;2023;Maison;4.0;19365.277777777777;25675.0;;15;27;9;Bon;Bon;Bon;Bon
75113;2023;Maison;5.0;16848.23717948718;25675.0;;15;27;9;Bon;Bon;Bon;Bon
75113;2023;Maison;6.0;10924.342105263158;25675.0;;15;27;9;Bon;Bon;Bon;Bon
75113;2024;Appartement;0.0;1280000.0;25675.0;;15;27;9;Bon;Bon;Bon;Bon
75113;2024;Appartement;1.0;9245.689655172413;25675.0;;15;27;9;Bon;Bon;Bon;Bon
75113;2024;Appartement;2.0;8882.35294117647;25675.0;;15;27;9;Bon;Bon;Bon;Bon
75113;2024;Appartement;3.0;8660.179903466433;25675.0;;15;27;9;Bon;Bon;Bon;Bon
75113;2024;Appartement;4.0;8176.845312283617;25675.0;;15;27;9;Bon;Bon;Bon;Bon
75113;2024;Appartement;5.0;8665.09022556391;25675.0;;15;27;9;Bon;Bon;Bon;Bon
75113;2024;Appartement;6.0;8840.909090909092;25675.0;;15;27;9;Bon;Bon;Bon;Bon
75113;2024;Appartement;7.0;6358.381502890174;25675.0;;15;27;9;Bon;Bon;Bon;Bon
75113;2024;Maison;2.0;25007.33137829912;25675.0;;15;27;9;Bon;Bon;Bon;Bon
75113;2024;Maison;3.0;10485.763888888887;25675.0;;15;27;9;Bon;Bon;Bon;Bon
75113;2024;Maison;4.0;10978.578383641676;25675.0;;15;27;9;Bon;Bon;Bon;Bon
75113;2024;Maison;5.0;10558.558558558558;25675.0;;15;27;9;Bon;Bon;Bon;Bon
75113;2024;Maison;6.0;19325.842696629214;25675.0;;15;27;9;Bon;Bon;Bon;Bon
75113;2025;Appartement;1.0;9384.615384615385;25675.0;;15;27;9;Bon;Bon;Bon;Bon
75113;2025;Appartement;2.0;8619.84126984127;25675.0;;15;27;9;Bon;Bon;Bon;Bon
75113;2025;Appartement;3.0;8590.592334494773;25675.0;;15;27;9;Bon;Bon;Bon;Bon
75113;2025;Appartement;4.0;7880.434782608696;25675.0;;15;27;9;Bon;Bon;Bon;Bon
75113;2025;Appartement;5.0;8986.336744483531;25675.0;;15;27;9;Bon;Bon;Bon;Bon
75113;2025;Appartement;6.0;10394.983889528194;25675.0;;15;27;9;Bon;Bon;Bon;Bon
75113;2025;Maison;2.0;11538.46153846154;25675.0;;15;27;9;Bon;Bon;Bon;Bon
75113;2025;Maison;3.0;22500.0;25675.0;;15;27;9;Bon;Bon;Bon;Bon
75113;2025;Maison;4.0;14504.222222222224;25675.0;;15;27;9;Bon;Bon;Bon;Bon
75113;2025;Maison;5.0;13677.130898021309;25675.0;;15;27;9;Bon;Bon;Bon;Bon
75114;2020;Appartement;0.0;17228.3;33020.0;;14;27;7;Bon;Bon;Bon;Bon
75114;2020;Appartement;1.0;11842.105263157897;33020.0;;14;27;7;Bon;Bon;Bon;Bon
75114;2020;Appartement;2.0;11029.857397504456;33020.0;;14;27;7;Bon;Bon;Bon;Bon
75114;2020;Appartement;3.0;10972.622222222222;33020.0;;14;27;7;Bon;Bon;Bon;Bon
75114;2020;Appartement;4.0;11127.344877344876;33020.0;;14;27;7;Bon;Bon;Bon;Bon
75114;2020;Appartement;5.0;11028.678134556576;33020.0;;14;27;7;Bon;Bon;Bon;Bon
75114;2020;Appartement;6.0;13279.882677708765;33020.0;;14;27;7;Bon;Bon;Bon;Bon
75114;2020;Maison;2.0;9637.68115942029;33020.0;;14;27;7;Bon;Bon;Bon;Bon
75114;2020;Maison;4.0;8750.0;33020.0;;14;27;7;Bon;Bon;Bon;Bon
75114;2020;Maison;5.0;9745.354994124558;33020.0;;14;27;7;Bon;Bon;Bon;Bon
75114;2020;Maison;6.0;12992.48120300752;33020.0;;14;27;7;Bon;Bon;Bon;Bon
75114;2020;Maison;7.0;17025.185185185186;33020.0;;14;27;7;Bon;Bon;Bon;Bon
75114;2021;Appartement;0.0;15625.0;33020.0;;14;27;7;Bon;Bon;Bon;Bon
75114;2021;Appartement;1.0;11304.347826086956;33020.0;;14;27;7;Bon;Bon;Bon;Bon
75114;2021;Appartement;2.0;10625.0;33020.0;;14;27;7;Bon;Bon;Bon;Bon
75114;2021;Appartement;3.0;10666.875;33020.0;;14;27;7;Bon;Bon;Bon;Bon
75114;2021;Appartement;4.0;11504.434782608696;33020.0;;14;27;7;Bon;Bon;Bon;Bon
75114;2021;Appartement;5.0;11331.03448275862;33020.0;;14;27;7;Bon;Bon;Bon;Bon
75114;2021;Appartement;6.0;11569.696969696968;33020.0;;14;27;7;Bon;Bon;Bon;Bon
75114;2021;Appartement;7.0;11592.35668789809;33020.0;;14;27;7;Bon;Bon;Bon;Bon
75114;2021;Appartement;8.0;12948.344370860928;33020.0;;14;27;7;Bon;Bon;Bon;Bon
75114;2021;Maison;1.0;24008.07692307692;33020.0;;14;27;7;Bon;Bon;Bon;Bon
75114;2021;Maison;2.0;13515.78947368421;33020.0;;14;27;7;Bon;Bon;Bon;Bon
75114;2021;Maison;3.0;32417.57692307692;33020.0;;14;27;7;Bon;Bon;Bon;Bon
75114;2021;Maison;4.0;14667.67554479419;33020.0;;14;27;7;Bon;Bon;Bon;Bon
75114;2021;Maison;5.0;18750.0;33020.0;;14;27;7;Bon;Bon;Bon;Bon
75114;2021;Maison;6.0;5859.884917216959;33020.0;;14;27;7;Bon;Bon;Bon;Bon
75114;2021;Maison;7.0;18939.39393939394;33020.0;;14;27;7;Bon;Bon;Bon;Bon
75114;2021;Maison;8.0;12488.626524990163;33020.0;;14;27;7;Bon;Bon;Bon;Bon
75114;2022;Appartement;0.0;11750.0;33020.0;;14;27;7;Bon;Bon;Bon;Bon
75114;2022;Appartement;1.0;10833.333333333334;33020.0;;14;27;7;Bon;Bon;Bon;Bon
75114;2022;Appartement;2.0;10641.02564102564;33020.0;;14;27;7;Bon;Bon;Bon;Bon
75114;2022;Appartement;3.0;10475.274725274725;33020.0;;14;27;7;Bon;Bon;Bon;Bon
75114;2022;Appartement;4.0;10927.248677248677;33020.0;;14;27;7;Bon;Bon;Bon;Bon
75114;2022;Appartement;5.0;10801.111111111111;33020.0;;14;27;7;Bon;Bon;Bon;Bon
75114;2022;Appartement;6.0;10552.941176470587;33020.0;;14;27;7;Bon;Bon;Bon;Bon
75114;2022;Appartement;7.0;11786.857142857143;33020.0;;14;27;7;Bon;Bon;Bon;Bon
75114;2022;Maison;1.0;18620.689655172413;33020.0;;14;27;7;Bon;Bon;Bon;Bon
75114;2022;Maison;2.0;23678.365384615383;33020.0;;14;27;7;Bon;Bon;Bon;Bon
75114;2022;Maison;3.0;14734.956051386072;33020.0;;14;27;7;Bon;Bon;Bon;Bon
75114;2022;Maison;4.0;15198.1981981982;33020.0;;14;27;7;Bon;Bon;Bon;Bon
75114;2022;Maison;5.0;14040.418635170605;33020.0;;14;27;7;Bon;Bon;Bon;Bon
75114;2022;Maison;6.0;17231.638418079096;33020.0;;14;27;7;Bon;Bon;Bon;Bon
75114;2022;Maison;7.0;12819.871489361702;33020.0;;14;27;7;Bon;Bon;Bon;Bon
75114;2022;Maison;8.0;15766.753472222223;33020.0;;14;27;7;Bon;Bon;Bon;Bon
75114;2023;Appartement;0.0;100.0;33020.0;;14;27;7;Bon;Bon;Bon;Bon
75114;2023;Appartement;1.0;10393.333333333334;33020.0;;14;27;7;Bon;Bon;Bon;Bon
75114;2023;Appartement;2.0;9726.77922077922;33020.0;;14;27;7;Bon;Bon;Bon;Bon
75114;2023;Appartement;3.0;10182.978723404256;33020.0;;14;27;7;Bon;Bon;Bon;Bon
75114;2023;Appartement;4.0;10115.276663993583;33020.0;;14;27;7;Bon;Bon;Bon;Bon
75114;2023;Appartement;5.0;10720.338983050848;33020.0;;14;27;7;Bon;Bon;Bon;Bon
75114;2023;Appartement;6.0;11013.690476190475;33020.0;;14;27;7;Bon;Bon;Bon;Bon
75114;2023;Appartement;7.0;11391.464968152866;33020.0;;14;27;7;Bon;Bon;Bon;Bon
75114;2023;Maison;2.0;19316.315136476427;33020.0;;14;27;7;Bon;Bon;Bon;Bon
75114;2023;Maison;3.0;20483.870967741936;33020.0;;14;27;7;Bon;Bon;Bon;Bon
75114;2023;Maison;4.0;11531.361111111111;33020.0;;14;27;7;Bon;Bon;Bon;Bon
75114;2023;Maison;5.0;16694.462719298244;33020.0;;14;27;7;Bon;Bon;Bon;Bon
75114;2023;Maison;6.0;14909.090909090908;33020.0;;14;27;7;Bon;Bon;Bon;Bon
75114;2023;Maison;7.0;11701.340326340327;33020.0;;14;27;7;Bon;Bon;Bon;Bon
75114;2024;Appartement;0.0;96052.63157894736;33020.0;;14;27;7;Bon;Bon;Bon;Bon
75114;2024;Appartement;1.0;9666.666666666666;33020.0;;14;27;7;Bon;Bon;Bon;Bon
75114;2024;Appartement;2.0;9353.448275862069;33020.0;;14;27;7;Bon;Bon;Bon;Bon
75114;2024;Appartement;3.0;9437.5;33020.0;;14;27;7;Bon;Bon;Bon;Bon
75114;2024;Appartement;4.0;9305.555555555557;33020.0;;14;27;7;Bon;Bon;Bon;Bon
75114;2024;Appartement;5.0;10636.779411764706;33020.0;;14;27;7;Bon;Bon;Bon;Bon
75114;2024;Appartement;6.0;10392.190476190475;33020.0;;14;27;7;Bon;Bon;Bon;Bon
75114;2024;Appartement;7.0;4173.783673469387;33020.0;;14;27;7;Bon;Bon;Bon;Bon
75114;2024;Maison;1.0;8444.444444444445;33020.0;;14;27;7;Bon;Bon;Bon;Bon
75114;2024;Maison;2.0;22378.453409090907;33020.0;;14;27;7;Bon;Bon;Bon;Bon
75114;2024;Maison;3.0;10324.262351821406;33020.0;;14;27;7;Bon;Bon;Bon;Bon
75114;2024;Maison;4.0;9857.142857142857;33020.0;;14;27;7;Bon;Bon;Bon;Bon
75114;2024;Maison;5.0;12410.25641025641;33020.0;;14;27;7;Bon;Bon;Bon;Bon
75114;2024;Maison;6.0;12127.272727272728;33020.0;;14;27;7;Bon;Bon;Bon;Bon
75114;2024;Maison;7.0;77222.29471544715;33020.0;;14;27;7;Bon;Bon;Bon;Bon
75114;2025;Appartement;0.0;5000.0;33020.0;;14;27;7;Bon;Bon;Bon;Bon
75114;2025;Appartement;1.0;10142.857142857143;33020.0;;14;27;7;Bon;Bon;Bon;Bon
75114;2025;Appartement;2.0;9357.699443413729;33020.0;;14;27;7;Bon;Bon;Bon;Bon
75114;2025;Appartement;3.0;9318.45054945055;33020.0;;14;27;7;Bon;Bon;Bon;Bon
75114;2025;Appartement;4.0;9088.888888888889;33020.0;;14;27;7;Bon;Bon;Bon;Bon
75114;2025;Appartement;5.0;10510.204081632652;33020.0;;14;27;7;Bon;Bon;Bon;Bon
75114;2025;Appartement;6.0;9127.2;33020.0;;14;27;7;Bon;Bon;Bon;Bon
75114;2025;Appartement;7.0;9859.81308411215;33020.0;;14;27;7;Bon;Bon;Bon;Bon
75114;2025;Appartement;8.0;6273.684210526316;33020.0;;14;27;7;Bon;Bon;Bon;Bon
75114;2025;Maison;3.0;50000.0;33020.0;;14;27;7;Bon;Bon;Bon;Bon
75114;2025;Maison;4.0;21805.555555555555;33020.0;;14;27;7;Bon;Bon;Bon;Bon
75114;2025;Maison;5.0;9580.47619047619;33020.0;;14;27;7;Bon;Bon;Bon;Bon
75114;2025;Maison;6.0;10883.658536585366;33020.0;;14;27;7;Bon;Bon;Bon;Bon
75114;2025;Maison;7.0;9600.0;33020.0;;14;27;7;Bon;Bon;Bon;Bon
75115;2020;Appartement;1.0;11295.25;36640.0;;14;28;7;Bon;Bon;Bon;Bon
75115;2020;Appartement;2.0;10762.5;36640.0;;14;28;7;Bon;Bon;Bon;Bon
75115;2020;Appartement;3.0;10666.666666666666;36640.0;;14;28;7;Bon;Bon;Bon;Bon
75115;2020;Appartement;4.0;11228.831612258495;36640.0;;14;28;7;Bon;Bon;Bon;Bon
75115;2020;Appartement;5.0;10003.7;36640.0;;14;28;7;Bon;Bon;Bon;Bon
75115;2020;Appartement;6.0;10762.71186440678;36640.0;;14;28;7;Bon;Bon;Bon;Bon
75115;2020;Appartement;7.0;22176.470588235294;36640.0;;14;28;7;Bon;Bon;Bon;Bon
75115;2020;Maison;3.0;14666.666666666666;36640.0;;14;28;7;Bon;Bon;Bon;Bon
75115;2020;Maison;6.0;13703.704444444444;36640.0;;14;28;7;Bon;Bon;Bon;Bon
75115;2020;Maison;8.0;9871.975806451614;36640.0;;14;28;7;Bon;Bon;Bon;Bon
75115;2021;Appartement;0.0;10850.0;36640.0;;14;28;7;Bon;Bon;Bon;Bon
75115;2021;Appartement;1.0;11212.121212121212;36640.0;;14;28;7;Bon;Bon;Bon;Bon
75115;2021;Appartement;2.0;10708.01282051282;36640.0;;14;28;7;Bon;Bon;Bon;Bon
75115;2021;Appartement;3.0;10795.454545454546;36640.0;;14;28;7;Bon;Bon;Bon;Bon
75115;2021;Appartement;4.0;11000.0;36640.0;;14;28;7;Bon;Bon;Bon;Bon
75115;2021;Appartement;5.0;11421.333194328607;36640.0;;14;28;7;Bon;Bon;Bon;Bon
75115;2021;Appartement;6.0;11000.0;36640.0;;14;28;7;Bon;Bon;Bon;Bon
75115;2021;Appartement;7.0;7504.825060446594;36640.0;;14;28;7;Bon;Bon;Bon;Bon
75115;2021;Appartement;8.0;5544.585987261146;36640.0;;14;28;7;Bon;Bon;Bon;Bon
75115;2021;Maison;2.0;49000.0;36640.0;;14;28;7;Bon;Bon;Bon;Bon
75115;2021;Maison;3.0;7859.038461538462;36640.0;;14;28;7;Bon;Bon;Bon;Bon
75115;2021;Maison;5.0;16271.42857142857;36640.0;;14;28;7;Bon;Bon;Bon;Bon
75115;2021;Maison;6.0;14298.808135768884;36640.0;;14;28;7;Bon;Bon;Bon;Bon
75115;2022;Appartement;0.0;16350.0;36640.0;;14;28;7;Bon;Bon;Bon;Bon
75115;2022;Appartement;1.0;10987.826086956522;36640.0;;14;28;7;Bon;Bon;Bon;Bon
75115;2022;Appartement;2.0;10555.555555555557;36640.0;;14;28;7;Bon;Bon;Bon;Bon
75115;2022;Appartement;3.0;10825.125570776254;36640.0;;14;28;7;Bon;Bon;Bon;Bon
75115;2022;Appartement;4.0;10753.543956043955;36640.0;;14;28;7;Bon;Bon;Bon;Bon
75115;2022;Appartement;5.0;11153.048085197934;36640.0;;14;28;7;Bon;Bon;Bon;Bon
75115;2022;Appartement;6.0;10686.27450980392;36640.0;;14;28;7;Bon;Bon;Bon;Bon
75115;2022;Appartement;7.0;8586.95652173913;36640.0;;14;28;7;Bon;Bon;Bon;Bon
75115;2022;Appartement;8.0;7395.833333333333;36640.0;;14;28;7;Bon;Bon;Bon;Bon
75115;2022;Maison;3.0;8922.674837779381;36640.0;;14;28;7;Bon;Bon;Bon;Bon
75115;2022;Maison;4.0;14235.29411764706;36640.0;;14;28;7;Bon;Bon;Bon;Bon
75115;2022;Maison;5.0;12816.962897342366;36640.0;;14;28;7;Bon;Bon;Bon;Bon
75115;2022;Maison;6.0;11184.21052631579;36640.0;;14;28;7;Bon;Bon;Bon;Bon
75115;2022;Maison;7.0;16692.4;36640.0;;14;28;7;Bon;Bon;Bon;Bon
75115;2023;Appartement;0.0;12500.0;36640.0;;14;28;7;Bon;Bon;Bon;Bon
75115;2023;Appartement;1.0;10203.333333333332;36640.0;;14;28;7;Bon;Bon;Bon;Bon
75115;2023;Appartement;2.0;10000.0;36640.0;;14;28;7;Bon;Bon;Bon;Bon
75115;2023;Appartement;3.0;10000.0;36640.0;;14;28;7;Bon;Bon;Bon;Bon
75115;2023;Appartement;4.0;10000.0;36640.0;;14;28;7;Bon;Bon;Bon;Bon
75115;2023;Appartement;5.0;10639.53488372093;36640.0;;14;28;7;Bon;Bon;Bon;Bon
75115;2023;Appartement;6.0;10416.666666666666;36640.0;;14;28;7;Bon;Bon;Bon;Bon
75115;2023;Appartement;7.0;11078.824216923796;36640.0;;14;28;7;Bon;Bon;Bon;Bon
75115;2023;Appartement;8.0;9810.020054433462;36640.0;;14;28;7;Bon;Bon;Bon;Bon
75115;2023;Maison;1.0;9866.666666666666;36640.0;;14;28;7;Bon;Bon;Bon;Bon
75115;2023;Maison;2.0;20128.20512820513;36640.0;;14;28;7;Bon;Bon;Bon;Bon
75115;2023;Maison;3.0;18030.416666666664;36640.0;;14;28;7;Bon;Bon;Bon;Bon
75115;2023;Maison;4.0;15384.615384615385;36640.0;;14;28;7;Bon;Bon;Bon;Bon
75115;2023;Maison;5.0;11130.76923076923;36640.0;;14;28;7;Bon;Bon;Bon;Bon
75115;2023;Maison;6.0;13216.65873015873;36640.0;;14;28;7;Bon;Bon;Bon;Bon
75115;2024;Appartement;0.0;11131.777777777776;36640.0;;14;28;7;Bon;Bon;Bon;Bon
75115;2024;Appartement;1.0;9750.0;36640.0;;14;28;7;Bon;Bon;Bon;Bon
75115;2024;Appartement;2.0;9689.903846153846;36640.0;;14;28;7;Bon;Bon;Bon;Bon
75115;2024;Appartement;3.0;9669.275;36640.0;;14;28;7;Bon;Bon;Bon;Bon
75115;2024;Appartement;4.0;9864.864864864863;36640.0;;14;28;7;Bon;Bon;Bon;Bon
75115;2024;Appartement;5.0;9689.32387057387;36640.0;;14;28;7;Bon;Bon;Bon;Bon
75115;2024;Appartement;6.0;10669.172932330826;36640.0;;14;28;7;Bon;Bon;Bon;Bon
75115;2024;Appartement;7.0;7272.727272727273;36640.0;;14;28;7;Bon;Bon;Bon;Bon
75115;2024;Appartement;8.0;7835.820895522388;36640.0;;14;28;7;Bon;Bon;Bon;Bon
75115;2024;Maison;1.0;10588.235294117649;36640.0;;14;28;7;Bon;Bon;Bon;Bon
75115;2024;Maison;2.0;9255.813953488372;36640.0;;14;28;7;Bon;Bon;Bon;Bon
75115;2024;Maison;3.0;11428.571428571428;36640.0;;14;28;7;Bon;Bon;Bon;Bon
75115;2024;Maison;4.0;11319.793913251857;36640.0;;14;28;7;Bon;Bon;Bon;Bon
75115;2024;Maison;5.0;11098.496223392081;36640.0;;14;28;7;Bon;Bon;Bon;Bon
75115;2024;Maison;6.0;13579.756756756757;36640.0;;14;28;7;Bon;Bon;Bon;Bon
75115;2025;Appartement;0.0;11485.714285714286;36640.0;;14;28;7;Bon;Bon;Bon;Bon
75115;2025;Appartement;1.0;10000.0;36640.0;;14;28;7;Bon;Bon;Bon;Bon
75115;2025;Appartement;2.0;9420.16806722689;36640.0;;14;28;7;Bon;Bon;Bon;Bon
75115;2025;Appartement;3.0;9447.222222222224;36640.0;;14;28;7;Bon;Bon;Bon;Bon
75115;2025;Appartement;4.0;9699.381078691424;36640.0;;14;28;7;Bon;Bon;Bon;Bon
75115;2025;Appartement;5.0;9635.023131812122;36640.0;;14;28;7;Bon;Bon;Bon;Bon
75115;2025;Appartement;6.0;10849.492045373478;36640.0;;14;28;7;Bon;Bon;Bon;Bon
75115;2025;Appartement;7.0;11053.57142857143;36640.0;;14;28;7;Bon;Bon;Bon;Bon
75115;2025;Maison;2.0;150555.55555555556;36640.0;;14;28;7;Bon;Bon;Bon;Bon
75115;2025;Maison;6.0;8608.490566037735;36640.0;;14;28;7;Bon;Bon;Bon;Bon
75116;2020;Appartement;1.0;12138.888888888889;48935.0;;16;28;9;Bon;Bon;Bon;Bon
75116;2020;Appartement;2.0;11742.528735632184;48935.0;;16;28;9;Bon;Bon;Bon;Bon
75116;2020;Appartement;3.0;12012.660818713448;48935.0;;16;28;9;Bon;Bon;Bon;Bon
75116;2020;Appartement;4.0;12179.48717948718;48935.0;;16;28;9;Bon;Bon;Bon;Bon
75116;2020;Appartement;5.0;12028.0;48935.0;;16;28;9;Bon;Bon;Bon;Bon
75116;2020;Appartement;6.0;12652.113976995468;48935.0;;16;28;9;Bon;Bon;Bon;Bon
75116;2020;Appartement;7.0;11796.43962848297;48935.0;;16;28;9;Bon;Bon;Bon;Bon
75116;2020;Maison;2.0;13857.142857142857;48935.0;;16;28;9;Bon;Bon;Bon;Bon
75116;2020;Maison;3.0;18737.745098039217;48935.0;;16;28;9;Bon;Bon;Bon;Bon
75116;2020;Maison;4.0;8100.0;48935.0;;16;28;9;Bon;Bon;Bon;Bon
75116;2020;Maison;5.0;14728.339805825242;48935.0;;16;28;9;Bon;Bon;Bon;Bon
75116;2020;Maison;6.0;14767.021604938273;48935.0;;16;28;9;Bon;Bon;Bon;Bon
75116;2020;Maison;7.0;17574.468085106382;48935.0;;16;28;9;Bon;Bon;Bon;Bon
75116;2020;Maison;8.0;30804.36192564173;48935.0;;16;28;9;Bon;Bon;Bon;Bon
75116;2021;Appartement;0.0;13745.479166666668;48935.0;;16;28;9;Bon;Bon;Bon;Bon
75116;2021;Appartement;1.0;11845.833333333334;48935.0;;16;28;9;Bon;Bon;Bon;Bon
75116;2021;Appartement;2.0;11635.292047853625;48935.0;;16;28;9;Bon;Bon;Bon;Bon
75116;2021;Appartement;3.0;11484.714285714286;48935.0;;16;28;9;Bon;Bon;Bon;Bon
75116;2021;Appartement;4.0;11993.333333333334;48935.0;;16;28;9;Bon;Bon;Bon;Bon
75116;2021;Appartement;5.0;12090.90909090909;48935.0;;16;28;9;Bon;Bon;Bon;Bon
75116;2021;Appartement;6.0;12311.557788944723;48935.0;;16;28;9;Bon;Bon;Bon;Bon
75116;2021;Appartement;7.0;12406.015037593985;48935.0;;16;28;9;Bon;Bon;Bon;Bon
75116;2021;Appartement;8.0;11500.0;48935.0;;16;28;9;Bon;Bon;Bon;Bon
75116;2021;Maison;1.0;28369.68831168831;48935.0;;16;28;9;Bon;Bon;Bon;Bon
75116;2021;Maison;2.0;14696.969696969696;48935.0;;16;28;9;Bon;Bon;Bon;Bon
75116;2021;Maison;3.0;16333.333333333334;48935.0;;16;28;9;Bon;Bon;Bon;Bon
75116;2021;Maison;4.0;29522.22222222222;48935.0;;16;28;9;Bon;Bon;Bon;Bon
75116;2021;Maison;5.0;17191.333333333332;48935.0;;16;28;9;Bon;Bon;Bon;Bon
75116;2021;Maison;6.0;22989.0;48935.0;;16;28;9;Bon;Bon;Bon;Bon
75116;2021;Maison;7.0;17597.083333333332;48935.0;;16;28;9;Bon;Bon;Bon;Bon
75116;2021;Maison;8.0;15837.10407239819;48935.0;;16;28;9;Bon;Bon;Bon;Bon
75116;2022;Appartement;0.0;13478.260869565218;48935.0;;16;28;9;Bon;Bon;Bon;Bon
75116;2022;Appartement;1.0;11858.552631578948;48935.0;;16;28;9;Bon;Bon;Bon;Bon
75116;2022;Appartement;2.0;11736.73469387755;48935.0;;16;28;9;Bon;Bon;Bon;Bon
75116;2022;Appartement;3.0;11764.70588235294;48935.0;;16;28;9;Bon;Bon;Bon;Bon
75116;2022;Appartement;4.0;12149.532710280371;48935.0;;16;28;9;Bon;Bon;Bon;Bon
75116;2022;Appartement;5.0;12303.030303030304;48935.0;;16;28;9;Bon;Bon;Bon;Bon
75116;2022;Appartement;6.0;12547.051157607133;48935.0;;16;28;9;Bon;Bon;Bon;Bon
75116;2022;Appartement;7.0;12656.25;48935.0;;16;28;9;Bon;Bon;Bon;Bon
75116;2022;Appartement;8.0;12556.704587155964;48935.0;;16;28;9;Bon;Bon;Bon;Bon
75116;2022;Maison;2.0;18075.35;48935.0;;16;28;9;Bon;Bon;Bon;Bon
75116;2022;Maison;3.0;18327.20588235294;48935.0;;16;28;9;Bon;Bon;Bon;Bon
75116;2022;Maison;4.0;17498.333333333332;48935.0;;16;28;9;Bon;Bon;Bon;Bon
75116;2022;Maison;5.0;13761.214285714286;48935.0;;16;28;9;Bon;Bon;Bon;Bon
75116;2022;Maison;6.0;13725.490196078432;48935.0;;16;28;9;Bon;Bon;Bon;Bon
75116;2022;Maison;7.0;16077.922077922078;48935.0;;16;28;9;Bon;Bon;Bon;Bon
75116;2022;Maison;8.0;21892.994901960785;48935.0;;16;28;9;Bon;Bon;Bon;Bon
75116;2023;Appartement;1.0;11407.407407407409;48935.0;;16;28;9;Bon;Bon;Bon;Bon
75116;2023;Appartement;2.0;11111.111111111111;48935.0;;16;28;9;Bon;Bon;Bon;Bon
75116;2023;Appartement;3.0;11539.862542955327;48935.0;;16;28;9;Bon;Bon;Bon;Bon
75116;2023;Appartement;4.0;11666.666666666666;48935.0;;16;28;9;Bon;Bon;Bon;Bon
75116;2023;Appartement;5.0;12222.222222222224;48935.0;;16;28;9;Bon;Bon;Bon;Bon
75116;2023;Appartement;6.0;12622.377622377622;48935.0;;16;28;9;Bon;Bon;Bon;Bon
75116;2023;Appartement;7.0;12374.584082733814;48935.0;;16;28;9;Bon;Bon;Bon;Bon
75116;2023;Maison;2.0;11657.142857142857;48935.0;;16;28;9;Bon;Bon;Bon;Bon
75116;2023;Maison;3.0;17223.529411764706;48935.0;;16;28;9;Bon;Bon;Bon;Bon
75116;2023;Maison;4.0;35000.0;48935.0;;16;28;9;Bon;Bon;Bon;Bon
75116;2023;Maison;5.0;11482.285714285714;48935.0;;16;28;9;Bon;Bon;Bon;Bon
75116;2023;Maison;6.0;32584.18333333333;48935.0;;16;28;9;Bon;Bon;Bon;Bon
75116;2023;Maison;7.0;17088.607594936708;48935.0;;16;28;9;Bon;Bon;Bon;Bon
75116;2023;Maison;8.0;23504.0;48935.0;;16;28;9;Bon;Bon;Bon;Bon
75116;2024;Appartement;0.0;5293846.153846154;48935.0;;16;28;9;Bon;Bon;Bon;Bon
75116;2024;Appartement;1.0;10703.917050691245;48935.0;;16;28;9;Bon;Bon;Bon;Bon
75116;2024;Appartement;2.0;10511.538461538461;48935.0;;16;28;9;Bon;Bon;Bon;Bon
75116;2024;Appartement;3.0;10894.049707602338;48935.0;;16;28;9;Bon;Bon;Bon;Bon
75116;2024;Appartement;4.0;11258.77192982456;48935.0;;16;28;9;Bon;Bon;Bon;Bon
75116;2024;Appartement;5.0;11240.978260869566;48935.0;;16;28;9;Bon;Bon;Bon;Bon
75116;2024;Appartement;6.0;11589.327485380116;48935.0;;16;28;9;Bon;Bon;Bon;Bon
75116;2024;Appartement;7.0;12217.653926196639;48935.0;;16;28;9;Bon;Bon;Bon;Bon
75116;2024;Appartement;8.0;10489.130434782608;48935.0;;16;28;9;Bon;Bon;Bon;Bon
75116;2024;Maison;3.0;15151.56794425087;48935.0;;16;28;9;Bon;Bon;Bon;Bon
75116;2024;Maison;4.0;13461.53846153846;48935.0;;16;28;9;Bon;Bon;Bon;Bon
75116;2024;Maison;5.0;17416.0;48935.0;;16;28;9;Bon;Bon;Bon;Bon
75116;2024;Maison;6.0;16642.30769230769;48935.0;;16;28;9;Bon;Bon;Bon;Bon
75116;2024;Maison;7.0;15500.0;48935.0;;16;28;9;Bon;Bon;Bon;Bon
75116;2024;Maison;8.0;23345.73808258019;48935.0;;16;28;9;Bon;Bon;Bon;Bon
75116;2025;Appartement;0.0;4058.3333333333335;48935.0;;16;28;9;Bon;Bon;Bon;Bon
75116;2025;Appartement;1.0;10807.692307692309;48935.0;;16;28;9;Bon;Bon;Bon;Bon
75116;2025;Appartement;2.0;10591.935483870968;48935.0;;16;28;9;Bon;Bon;Bon;Bon
75116;2025;Appartement;3.0;10831.16883116883;48935.0;;16;28;9;Bon;Bon;Bon;Bon
75116;2025;Appartement;4.0;11396.491228070176;48935.0;;16;28;9;Bon;Bon;Bon;Bon
75116;2025;Appartement;5.0;11618.951612903225;48935.0;;16;28;9;Bon;Bon;Bon;Bon
75116;2025;Appartement;6.0;12259.292462570986;48935.0;;16;28;9;Bon;Bon;Bon;Bon
75116;2025;Appartement;7.0;12771.739130434782;48935.0;;16;28;9;Bon;Bon;Bon;Bon
75116;2025;Appartement;8.0;14740.026663931903;48935.0;;16;28;9;Bon;Bon;Bon;Bon
75116;2025;Maison;2.0;20400.0;48935.0;;16;28;9;Bon;Bon;Bon;Bon
75116;2025;Maison;5.0;25187.71929824561;48935.0;;16;28;9;Bon;Bon;Bon;Bon
75116;2025;Maison;6.0;11528.169014084508;48935.0;;16;28;9;Bon;Bon;Bon;Bon
75116;2025;Maison;7.0;14135.151515151516;48935.0;;16;28;9;Bon;Bon;Bon;Bon
75116;2025;Maison;8.0;11862.815884476537;48935.0;;16;28;9;Bon;Bon;Bon;Bon
75117;2020;Appartement;0.0;6760.0;41250.0;;16;27;9;Bon;Bon;Bon;Bon
75117;2020;Appartement;1.0;11375.0;41250.0;;16;27;9;Bon;Bon;Bon;Bon
75117;2020;Appartement;2.0;11309.52380952381;41250.0;;16;27;9;Bon;Bon;Bon;Bon
75117;2020;Appartement;3.0;11771.666666666668;41250.0;;16;27;9;Bon;Bon;Bon;Bon
75117;2020;Appartement;4.0;12370.588235294115;41250.0;;16;27;9;Bon;Bon;Bon;Bon
75117;2020;Appartement;5.0;11925.925925925923;41250.0;;16;27;9;Bon;Bon;Bon;Bon
75117;2020;Appartement;6.0;12898.809523809523;41250.0;;16;27;9;Bon;Bon;Bon;Bon
75117;2020;Appartement;7.0;11153.846153846154;41250.0;;16;27;9;Bon;Bon;Bon;Bon
75117;2020;Appartement;8.0;6483.091643884464;41250.0;;16;27;9;Bon;Bon;Bon;Bon
75117;2020;Maison;2.0;16723.287671232876;41250.0;;16;27;9;Bon;Bon;Bon;Bon
75117;2020;Maison;3.0;14000.0;41250.0;;16;27;9;Bon;Bon;Bon;Bon
75117;2020;Maison;5.0;19081.6;41250.0;;16;27;9;Bon;Bon;Bon;Bon
75117;2021;Appartement;0.0;10802.083333333334;41250.0;;16;27;9;Bon;Bon;Bon;Bon
75117;2021;Appartement;1.0;11366.666666666666;41250.0;;16;27;9;Bon;Bon;Bon;Bon
75117;2021;Appartement;2.0;11250.0;41250.0;;16;27;9;Bon;Bon;Bon;Bon
75117;2021;Appartement;3.0;11666.666666666666;41250.0;;16;27;9;Bon;Bon;Bon;Bon
75117;2021;Appartement;4.0;12065.598290598291;41250.0;;16;27;9;Bon;Bon;Bon;Bon
75117;2021;Appartement;5.0;11920.840787119858;41250.0;;16;27;9;Bon;Bon;Bon;Bon
75117;2021;Appartement;6.0;12370.370370370372;41250.0;;16;27;9;Bon;Bon;Bon;Bon
75117;2021;Appartement;7.0;12443.412745681955;41250.0;;16;27;9;Bon;Bon;Bon;Bon
75117;2021;Appartement;8.0;34401.595744680846;41250.0;;16;27;9;Bon;Bon;Bon;Bon
75117;2021;Maison;1.0;18214.285714285717;41250.0;;16;27;9;Bon;Bon;Bon;Bon
75117;2021;Maison;2.0;11200.0;41250.0;;16;27;9;Bon;Bon;Bon;Bon
75117;2021;Maison;3.0;16000.0;41250.0;;16;27;9;Bon;Bon;Bon;Bon
75117;2021;Maison;4.0;27289.878695652173;41250.0;;16;27;9;Bon;Bon;Bon;Bon
75117;2021;Maison;5.0;14763.839285714286;41250.0;;16;27;9;Bon;Bon;Bon;Bon
75117;2021;Maison;8.0;18333.33333333333;41250.0;;16;27;9;Bon;Bon;Bon;Bon
75117;2022;Appartement;0.0;14048.295454545456;41250.0;;16;27;9;Bon;Bon;Bon;Bon
75117;2022;Appartement;1.0;11250.833333333334;41250.0;;16;27;9;Bon;Bon;Bon;Bon
75117;2022;Appartement;2.0;11175.925925925923;41250.0;;16;27;9;Bon;Bon;Bon;Bon
75117;2022;Appartement;3.0;11547.008547008549;41250.0;;16;27;9;Bon;Bon;Bon;Bon
75117;2022;Appartement;4.0;12199.60962914769;41250.0;;16;27;9;Bon;Bon;Bon;Bon
75117;2022;Appartement;5.0;12266.279069767445;41250.0;;16;27;9;Bon;Bon;Bon;Bon
75117;2022;Appartement;6.0;12509.724971136402;41250.0;;16;27;9;Bon;Bon;Bon;Bon
75117;2022;Appartement;7.0;10918.918918918918;41250.0;;16;27;9;Bon;Bon;Bon;Bon
75117;2022;Appartement;8.0;12920.74074074074;41250.0;;16;27;9;Bon;Bon;Bon;Bon
75117;2022;Maison;2.0;11550.0;41250.0;;16;27;9;Bon;Bon;Bon;Bon
75117;2022;Maison;3.0;66545.0;41250.0;;16;27;9;Bon;Bon;Bon;Bon
75117;2022;Maison;4.0;20540.54054054054;41250.0;;16;27;9;Bon;Bon;Bon;Bon
75117;2022;Maison;5.0;17500.0;41250.0;;16;27;9;Bon;Bon;Bon;Bon
75117;2022;Maison;6.0;22108.999389871875;41250.0;;16;27;9;Bon;Bon;Bon;Bon
75117;2023;Appartement;0.0;27142.85714285714;41250.0;;16;27;9;Bon;Bon;Bon;Bon
75117;2023;Appartement;1.0;10642.857142857143;41250.0;;16;27;9;Bon;Bon;Bon;Bon
75117;2023;Appartement;2.0;10628.57142857143;41250.0;;16;27;9;Bon;Bon;Bon;Bon
75117;2023;Appartement;3.0;10997.272727272728;41250.0;;16;27;9;Bon;Bon;Bon;Bon
75117;2023;Appartement;4.0;11651.515151515152;41250.0;;16;27;9;Bon;Bon;Bon;Bon
75117;2023;Appartement;5.0;11990.269953051644;41250.0;;16;27;9;Bon;Bon;Bon;Bon
75117;2023;Appartement;6.0;11852.580056412808;41250.0;;16;27;9;Bon;Bon;Bon;Bon
75117;2023;Appartement;7.0;11479.591836734691;41250.0;;16;27;9;Bon;Bon;Bon;Bon
75117;2023;Appartement;8.0;17987.012987012986;41250.0;;16;27;9;Bon;Bon;Bon;Bon
75117;2023;Maison;1.0;6146.2962962962965;41250.0;;16;27;9;Bon;Bon;Bon;Bon
75117;2023;Maison;5.0;17730.68005952381;41250.0;;16;27;9;Bon;Bon;Bon;Bon
75117;2023;Maison;6.0;13551.40186915888;41250.0;;16;27;9;Bon;Bon;Bon;Bon
75117;2023;Maison;8.0;13076.923076923076;41250.0;;16;27;9;Bon;Bon;Bon;Bon
75117;2024;Appartement;0.0;8142.857142857143;41250.0;;16;27;9;Bon;Bon;Bon;Bon
75117;2024;Appartement;1.0;9868.75;41250.0;;16;27;9;Bon;Bon;Bon;Bon
75117;2024;Appartement;2.0;9802.205882352942;41250.0;;16;27;9;Bon;Bon;Bon;Bon
75117;2024;Appartement;3.0;10218.978102189782;41250.0;;16;27;9;Bon;Bon;Bon;Bon
75117;2024;Appartement;4.0;10946.39705882353;41250.0;;16;27;9;Bon;Bon;Bon;Bon
75117;2024;Appartement;5.0;10952.896825396825;41250.0;;16;27;9;Bon;Bon;Bon;Bon
75117;2024;Appartement;6.0;11054.555555555555;41250.0;;16;27;9;Bon;Bon;Bon;Bon
75117;2024;Appartement;7.0;11764.70588235294;41250.0;;16;27;9;Bon;Bon;Bon;Bon
75117;2024;Appartement;8.0;6647.398843930636;41250.0;;16;27;9;Bon;Bon;Bon;Bon
75117;2024;Maison;4.0;6439.92718446602;41250.0;;16;27;9;Bon;Bon;Bon;Bon
75117;2024;Maison;5.0;42719.230769230766;41250.0;;16;27;9;Bon;Bon;Bon;Bon
75117;2024;Maison;8.0;29502.5;41250.0;;16;27;9;Bon;Bon;Bon;Bon
75117;2025;Appartement;0.0;31.25;41250.0;;16;27;9;Bon;Bon;Bon;Bon
75117;2025;Appartement;1.0;10209.79020979021;41250.0;;16;27;9;Bon;Bon;Bon;Bon
75117;2025;Appartement;2.0;10000.0;41250.0;;16;27;9;Bon;Bon;Bon;Bon
75117;2025;Appartement;3.0;10500.0;41250.0;;16;27;9;Bon;Bon;Bon;Bon
75117;2025;Appartement;4.0;10338.983050847455;41250.0;;16;27;9;Bon;Bon;Bon;Bon
75117;2025;Appartement;5.0;11203.703703703704;41250.0;;16;27;9;Bon;Bon;Bon;Bon
75117;2025;Appartement;6.0;10857.142857142857;41250.0;;16;27;9;Bon;Bon;Bon;Bon
75117;2025;Appartement;7.0;11870.597165991903;41250.0;;16;27;9;Bon;Bon;Bon;Bon
75117;2025;Maison;2.0;15198.0;41250.0;;16;27;9;Bon;Bon;Bon;Bon
75117;2025;Maison;4.0;17889.908256880735;41250.0;;16;27;9;Bon;Bon;Bon;Bon
75117;2025;Maison;5.0;16666.666666666668;41250.0;;16;27;9;Bon;Bon;Bon;Bon
75117;2025;Maison;6.0;12619.047619047618;41250.0;;16;27;9;Bon;Bon;Bon;Bon
75117;2025;Maison;8.0;17907.47330960854;41250.0;;16;27;9;Bon;Bon;Bon;Bon
75118;2020;Appartement;0.0;12083.333333333334;26375.0;;16;28;9;Bon;Bon;Bon;Bon
75118;2020;Appartement;1.0;10683.333333333332;26375.0;;16;28;9;Bon;Bon;Bon;Bon
75118;2020;Appartement;2.0;10432.207207207208;26375.0;;16;28;9;Bon;Bon;Bon;Bon
75118;2020;Appartement;3.0;10806.451612903224;26375.0;;16;28;9;Bon;Bon;Bon;Bon
75118;2020;Appartement;4.0;10440.47619047619;26375.0;;16;28;9;Bon;Bon;Bon;Bon
75118;2020;Appartement;5.0;9540.229885057472;26375.0;;16;28;9;Bon;Bon;Bon;Bon
75118;2020;Appartement;6.0;8454.254716981131;26375.0;;16;28;9;Bon;Bon;Bon;Bon
75118;2020;Maison;2.0;11274.509803921568;26375.0;;16;28;9;Bon;Bon;Bon;Bon
75118;2020;Maison;3.0;21585.36585365853;26375.0;;16;28;9;Bon;Bon;Bon;Bon
75118;2020;Maison;4.0;15065.518082422204;26375.0;;16;28;9;Bon;Bon;Bon;Bon
75118;2020;Maison;6.0;12222.222222222224;26375.0;;16;28;9;Bon;Bon;Bon;Bon
75118;2020;Maison;8.0;29483.18385650224;26375.0;;16;28;9;Bon;Bon;Bon;Bon
75118;2021;Appartement;0.0;20180.65573770492;26375.0;;16;28;9;Bon;Bon;Bon;Bon
75118;2021;Appartement;1.0;10402.326077097505;26375.0;;16;28;9;Bon;Bon;Bon;Bon
75118;2021;Appartement;2.0;10318.181818181818;26375.0;;16;28;9;Bon;Bon;Bon;Bon
75118;2021;Appartement;3.0;10534.276223776225;26375.0;;16;28;9;Bon;Bon;Bon;Bon
75118;2021;Appartement;4.0;10645.16129032258;26375.0;;16;28;9;Bon;Bon;Bon;Bon
75118;2021;Appartement;5.0;10227.272727272728;26375.0;;16;28;9;Bon;Bon;Bon;Bon
75118;2021;Appartement;6.0;5733.364523809524;26375.0;;16;28;9;Bon;Bon;Bon;Bon
75118;2021;Appartement;7.0;12697.47899159664;26375.0;;16;28;9;Bon;Bon;Bon;Bon
75118;2021;Maison;2.0;17619.04761904762;26375.0;;16;28;9;Bon;Bon;Bon;Bon
75118;2021;Maison;3.0;12666.666666666666;26375.0;;16;28;9;Bon;Bon;Bon;Bon
75118;2021;Maison;4.0;10935.185185185184;26375.0;;16;28;9;Bon;Bon;Bon;Bon
75118;2021;Maison;5.0;16666.666666666668;26375.0;;16;28;9;Bon;Bon;Bon;Bon
75118;2021;Maison;6.0;13040.384615384615;26375.0;;16;28;9;Bon;Bon;Bon;Bon
75118;2022;Appartement;0.0;9000.0;26375.0;;16;28;9;Bon;Bon;Bon;Bon
75118;2022;Appartement;1.0;10000.0;26375.0;;16;28;9;Bon;Bon;Bon;Bon
75118;2022;Appartement;2.0;10117.33630952381;26375.0;;16;28;9;Bon;Bon;Bon;Bon
75118;2022;Appartement;3.0;10478.333333333332;26375.0;;16;28;9;Bon;Bon;Bon;Bon
75118;2022;Appartement;4.0;10683.909637600887;26375.0;;16;28;9;Bon;Bon;Bon;Bon
75118;2022;Appartement;5.0;10670.103092783504;26375.0;;16;28;9;Bon;Bon;Bon;Bon
75118;2022;Appartement;6.0;11837.18957871397;26375.0;;16;28;9;Bon;Bon;Bon;Bon
75118;2022;Appartement;7.0;22384.848484848484;26375.0;;16;28;9;Bon;Bon;Bon;Bon
75118;2022;Appartement;8.0;15600.0;26375.0;;16;28;9;Bon;Bon;Bon;Bon
75118;2022;Maison;1.0;10612.89617647059;26375.0;;16;28;9;Bon;Bon;Bon;Bon
75118;2022;Maison;2.0;22461.764705882353;26375.0;;16;28;9;Bon;Bon;Bon;Bon
75118;2022;Maison;3.0;21287.69230769231;26375.0;;16;28;9;Bon;Bon;Bon;Bon
75118;2022;Maison;4.0;12877.239935587762;26375.0;;16;28;9;Bon;Bon;Bon;Bon
75118;2022;Maison;5.0;13915.192307692309;26375.0;;16;28;9;Bon;Bon;Bon;Bon
75118;2022;Maison;6.0;14637.5;26375.0;;16;28;9;Bon;Bon;Bon;Bon
75118;2023;Appartement;0.0;10000.0;26375.0;;16;28;9;Bon;Bon;Bon;Bon
75118;2023;Appartement;1.0;9249.411764705881;26375.0;;16;28;9;Bon;Bon;Bon;Bon
75118;2023;Appartement;2.0;9534.883720930233;26375.0;;16;28;9;Bon;Bon;Bon;Bon
75118;2023;Appartement;3.0;9817.94871794872;26375.0;;16;28;9;Bon;Bon;Bon;Bon
75118;2023;Appartement;4.0;9941.176470588236;26375.0;;16;28;9;Bon;Bon;Bon;Bon
75118;2023;Appartement;5.0;9820.969696969696;26375.0;;16;28;9;Bon;Bon;Bon;Bon
75118;2023;Appartement;6.0;12547.934523809523;26375.0;;16;28;9;Bon;Bon;Bon;Bon
75118;2023;Appartement;7.0;5045.197278911564;26375.0;;16;28;9;Bon;Bon;Bon;Bon
75118;2023;Maison;2.0;21585.36585365853;26375.0;;16;28;9;Bon;Bon;Bon;Bon
75118;2023;Maison;3.0;7405.555555555557;26375.0;;16;28;9;Bon;Bon;Bon;Bon
75118;2023;Maison;4.0;29752.7397260274;26375.0;;16;28;9;Bon;Bon;Bon;Bon
75118;2023;Maison;5.0;9411.764705882351;26375.0;;16;28;9;Bon;Bon;Bon;Bon
75118;2023;Maison;6.0;13408.173076923078;26375.0;;16;28;9;Bon;Bon;Bon;Bon
75118;2024;Appartement;0.0;7500.0;26375.0;;16;28;9;Bon;Bon;Bon;Bon
75118;2024;Appartement;1.0;8821.547314578005;26375.0;;16;28;9;Bon;Bon;Bon;Bon
75118;2024;Appartement;2.0;8571.42857142857;26375.0;;16;28;9;Bon;Bon;Bon;Bon
75118;2024;Appartement;3.0;8989.54667328699;26375.0;;16;28;9;Bon;Bon;Bon;Bon
75118;2024;Appartement;4.0;9495.841463414634;26375.0;;16;28;9;Bon;Bon;Bon;Bon
75118;2024;Appartement;5.0;9679.68115942029;26375.0;;16;28;9;Bon;Bon;Bon;Bon
75118;2024;Appartement;6.0;7660.5504587155965;26375.0;;16;28;9;Bon;Bon;Bon;Bon
75118;2024;Maison;1.0;12186.813186813188;26375.0;;16;28;9;Bon;Bon;Bon;Bon
75118;2024;Maison;2.0;12594.696969696968;26375.0;;16;28;9;Bon;Bon;Bon;Bon
75118;2024;Maison;3.0;8367.450980392157;26375.0;;16;28;9;Bon;Bon;Bon;Bon
75118;2024;Maison;4.0;19035.714285714286;26375.0;;16;28;9;Bon;Bon;Bon;Bon
75118;2024;Maison;5.0;26197.778832578744;26375.0;;16;28;9;Bon;Bon;Bon;Bon
75118;2024;Maison;7.0;15811.342592592591;26375.0;;16;28;9;Bon;Bon;Bon;Bon
75118;2025;Appartement;0.0;39071.42857142857;26375.0;;16;28;9;Bon;Bon;Bon;Bon
75118;2025;Appartement;1.0;8802.0;26375.0;;16;28;9;Bon;Bon;Bon;Bon
75118;2025;Appartement;2.0;9025.155279503106;26375.0;;16;28;9;Bon;Bon;Bon;Bon
75118;2025;Appartement;3.0;9009.583333333332;26375.0;;16;28;9;Bon;Bon;Bon;Bon
75118;2025;Appartement;4.0;9920.63492063492;26375.0;;16;28;9;Bon;Bon;Bon;Bon
75118;2025;Appartement;5.0;9555.275229357798;26375.0;;16;28;9;Bon;Bon;Bon;Bon
75118;2025;Appartement;6.0;8606.844716738522;26375.0;;16;28;9;Bon;Bon;Bon;Bon
75118;2025;Appartement;8.0;51939.91935483871;26375.0;;16;28;9;Bon;Bon;Bon;Bon
75118;2025;Maison;3.0;18159.928879310344;26375.0;;16;28;9;Bon;Bon;Bon;Bon
75118;2025;Maison;4.0;11901.408450704226;26375.0;;16;28;9;Bon;Bon;Bon;Bon
75118;2025;Maison;5.0;11636.363636363636;26375.0;;16;28;9;Bon;Bon;Bon;Bon
75119;2020;Appartement;1.0;9829.901960784315;21960.0;;17;27;9;Bon;Bon;Bon;Bon
75119;2020;Appartement;2.0;9268.716577540106;21960.0;;17;27;9;Bon;Bon;Bon;Bon
75119;2020;Appartement;3.0;9457.433489827856;21960.0;;17;27;9;Bon;Bon;Bon;Bon
75119;2020;Appartement;4.0;8532.485130848534;21960.0;;17;27;9;Bon;Bon;Bon;Bon
75119;2020;Appartement;5.0;8830.188679245282;21960.0;;17;27;9;Bon;Bon;Bon;Bon
75119;2020;Appartement;6.0;4121.212121212121;21960.0;;17;27;9;Bon;Bon;Bon;Bon
75119;2020;Appartement;7.0;8927.104347826087;21960.0;;17;27;9;Bon;Bon;Bon;Bon
75119;2020;Maison;2.0;13090.90909090909;21960.0;;17;27;9;Bon;Bon;Bon;Bon
75119;2020;Maison;3.0;16199.625;21960.0;;17;27;9;Bon;Bon;Bon;Bon
75119;2020;Maison;4.0;13992.765182186235;21960.0;;17;27;9;Bon;Bon;Bon;Bon
75119;2020;Maison;5.0;13470.093457943925;21960.0;;17;27;9;Bon;Bon;Bon;Bon
75119;2020;Maison;8.0;21493.138936535164;21960.0;;17;27;9;Bon;Bon;Bon;Bon
75119;2021;Appartement;1.0;9696.969696969696;21960.0;;17;27;9;Bon;Bon;Bon;Bon
75119;2021;Appartement;2.0;9574.169110459432;21960.0;;17;27;9;Bon;Bon;Bon;Bon
75119;2021;Appartement;3.0;9516.82194616977;21960.0;;17;27;9;Bon;Bon;Bon;Bon
75119;2021;Appartement;4.0;9165.349839445666;21960.0;;17;27;9;Bon;Bon;Bon;Bon
75119;2021;Appartement;5.0;8047.4910394265235;21960.0;;17;27;9;Bon;Bon;Bon;Bon
75119;2021;Appartement;6.0;7667.200269609908;21960.0;;17;27;9;Bon;Bon;Bon;Bon
75119;2021;Appartement;7.0;7903.225806451613;21960.0;;17;27;9;Bon;Bon;Bon;Bon
75119;2021;Maison;2.0;63399.554740701926;21960.0;;17;27;9;Bon;Bon;Bon;Bon
75119;2021;Maison;3.0;18036.849179400113;21960.0;;17;27;9;Bon;Bon;Bon;Bon
75119;2021;Maison;4.0;13326.666666666668;21960.0;;17;27;9;Bon;Bon;Bon;Bon
75119;2021;Maison;5.0;17289.719626168226;21960.0;;17;27;9;Bon;Bon;Bon;Bon
75119;2021;Maison;6.0;15855.555555555555;21960.0;;17;27;9;Bon;Bon;Bon;Bon
75119;2021;Maison;7.0;17754.166666666668;21960.0;;17;27;9;Bon;Bon;Bon;Bon
75119;2022;Appartement;0.0;9333.333333333334;21960.0;;17;27;9;Bon;Bon;Bon;Bon
75119;2022;Appartement;1.0;9520.0;21960.0;;17;27;9;Bon;Bon;Bon;Bon
75119;2022;Appartement;2.0;9287.012987012988;21960.0;;17;27;9;Bon;Bon;Bon;Bon
75119;2022;Appartement;3.0;9239.130434782608;21960.0;;17;27;9;Bon;Bon;Bon;Bon
75119;2022;Appartement;4.0;8953.488372093023;21960.0;;17;27;9;Bon;Bon;Bon;Bon
75119;2022;Appartement;5.0;9240.47619047619;21960.0;;17;27;9;Bon;Bon;Bon;Bon
75119;2022;Appartement;6.0;9649.122807017544;21960.0;;17;27;9;Bon;Bon;Bon;Bon
75119;2022;Appartement;7.0;7982.608695652174;21960.0;;17;27;9;Bon;Bon;Bon;Bon
75119;2022;Maison;1.0;11554.545454545454;21960.0;;17;27;9;Bon;Bon;Bon;Bon
75119;2022;Maison;2.0;22571.42857142857;21960.0;;17;27;9;Bon;Bon;Bon;Bon
75119;2022;Maison;3.0;16646.785714285714;21960.0;;17;27;9;Bon;Bon;Bon;Bon
75119;2022;Maison;4.0;13725.787593984962;21960.0;;17;27;9;Bon;Bon;Bon;Bon
75119;2022;Maison;5.0;16384.78773584906;21960.0;;17;27;9;Bon;Bon;Bon;Bon
75119;2022;Maison;6.0;10014.25396825397;21960.0;;17;27;9;Bon;Bon;Bon;Bon
75119;2022;Maison;7.0;7980.0;21960.0;;17;27;9;Bon;Bon;Bon;Bon
75119;2023;Appartement;0.0;19508.373205741627;21960.0;;17;27;9;Bon;Bon;Bon;Bon
75119;2023;Appartement;1.0;9060.25641025641;21960.0;;17;27;9;Bon;Bon;Bon;Bon
75119;2023;Appartement;2.0;8908.0;21960.0;;17;27;9;Bon;Bon;Bon;Bon
75119;2023;Appartement;3.0;8758.730598669623;21960.0;;17;27;9;Bon;Bon;Bon;Bon
75119;2023;Appartement;4.0;8124.862938596491;21960.0;;17;27;9;Bon;Bon;Bon;Bon
75119;2023;Appartement;5.0;8561.363636363636;21960.0;;17;27;9;Bon;Bon;Bon;Bon
75119;2023;Appartement;6.0;11364.942528735632;21960.0;;17;27;9;Bon;Bon;Bon;Bon
75119;2023;Appartement;7.0;5833.0;21960.0;;17;27;9;Bon;Bon;Bon;Bon
75119;2023;Maison;1.0;23888.88888888889;21960.0;;17;27;9;Bon;Bon;Bon;Bon
75119;2023;Maison;3.0;14055.48144637053;21960.0;;17;27;9;Bon;Bon;Bon;Bon
75119;2023;Maison;4.0;10321.256038647343;21960.0;;17;27;9;Bon;Bon;Bon;Bon
75119;2023;Maison;5.0;11636.363636363636;21960.0;;17;27;9;Bon;Bon;Bon;Bon
75119;2023;Maison;6.0;15100.671140939598;21960.0;;17;27;9;Bon;Bon;Bon;Bon
75119;2023;Maison;7.0;14094.488188976378;21960.0;;17;27;9;Bon;Bon;Bon;Bon
75119;2023;Maison;8.0;8989.405204460967;21960.0;;17;27;9;Bon;Bon;Bon;Bon
75119;2024;Appartement;0.0;7631.578947368421;21960.0;;17;27;9;Bon;Bon;Bon;Bon
75119;2024;Appartement;1.0;8000.0;21960.0;;17;27;9;Bon;Bon;Bon;Bon
75119;2024;Appartement;2.0;8104.054054054054;21960.0;;17;27;9;Bon;Bon;Bon;Bon
75119;2024;Appartement;3.0;7846.656217345872;21960.0;;17;27;9;Bon;Bon;Bon;Bon
75119;2024;Appartement;4.0;7535.15625;21960.0;;17;27;9;Bon;Bon;Bon;Bon
75119;2024;Appartement;5.0;8152.173913043478;21960.0;;17;27;9;Bon;Bon;Bon;Bon
75119;2024;Appartement;6.0;10105.616983635558;21960.0;;17;27;9;Bon;Bon;Bon;Bon
75119;2024;Maison;2.0;13095.238095238095;21960.0;;17;27;9;Bon;Bon;Bon;Bon
75119;2024;Maison;3.0;13390.522875816994;21960.0;;17;27;9;Bon;Bon;Bon;Bon
75119;2024;Maison;4.0;13236.892473118278;21960.0;;17;27;9;Bon;Bon;Bon;Bon
75119;2024;Maison;5.0;12549.108280254775;21960.0;;17;27;9;Bon;Bon;Bon;Bon
75119;2024;Maison;6.0;17500.0;21960.0;;17;27;9;Bon;Bon;Bon;Bon
75119;2024;Maison;7.0;7391.304347826087;21960.0;;17;27;9;Bon;Bon;Bon;Bon
75119;2025;Appartement;1.0;8334.09090909091;21960.0;;17;27;9;Bon;Bon;Bon;Bon
75119;2025;Appartement;2.0;8121.951219512195;21960.0;;17;27;9;Bon;Bon;Bon;Bon
75119;2025;Appartement;3.0;7910.783055198974;21960.0;;17;27;9;Bon;Bon;Bon;Bon
75119;2025;Appartement;4.0;7723.880597014925;21960.0;;17;27;9;Bon;Bon;Bon;Bon
75119;2025;Appartement;5.0;8093.092783505154;21960.0;;17;27;9;Bon;Bon;Bon;Bon
75119;2025;Maison;3.0;19481.25;21960.0;;17;27;9;Bon;Bon;Bon;Bon
75119;2025;Maison;4.0;16972.477064220184;21960.0;;17;27;9;Bon;Bon;Bon;Bon
75119;2025;Maison;6.0;10052.083333333334;21960.0;;17;27;9;Bon;Bon;Bon;Bon
75120;2020;Appartement;1.0;10000.0;23520.0;;17;26;9;Bon;Bon;Bon;Bon
75120;2020;Appartement;2.0;9840.033088235294;23520.0;;17;26;9;Bon;Bon;Bon;Bon
75120;2020;Appartement;3.0;9363.636363636364;23520.0;;17;26;9;Bon;Bon;Bon;Bon
75120;2020;Appartement;4.0;9315.693960511035;23520.0;;17;26;9;Bon;Bon;Bon;Bon
75120;2020;Appartement;5.0;9463.235294117647;23520.0;;17;26;9;Bon;Bon;Bon;Bon
75120;2020;Appartement;6.0;10189.153439153439;23520.0;;17;26;9;Bon;Bon;Bon;Bon
75120;2020;Appartement;8.0;13513.513513513511;23520.0;;17;26;9;Bon;Bon;Bon;Bon
75120;2020;Maison;3.0;12086.11111111111;23520.0;;17;26;9;Bon;Bon;Bon;Bon
75120;2020;Maison;5.0;11500.0;23520.0;;17;26;9;Bon;Bon;Bon;Bon
75120;2020;Maison;7.0;11287.285714285714;23520.0;;17;26;9;Bon;Bon;Bon;Bon
75120;2021;Appartement;0.0;11875.0;23520.0;;17;26;9;Bon;Bon;Bon;Bon
75120;2021;Appartement;1.0;9936.221786833856;23520.0;;17;26;9;Bon;Bon;Bon;Bon
75120;2021;Appartement;2.0;9935.416666666668;23520.0;;17;26;9;Bon;Bon;Bon;Bon
75120;2021;Appartement;3.0;9654.348518636507;23520.0;;17;26;9;Bon;Bon;Bon;Bon
75120;2021;Appartement;4.0;9142.182300631095;23520.0;;17;26;9;Bon;Bon;Bon;Bon
75120;2021;Appartement;5.0;8659.622641509435;23520.0;;17;26;9;Bon;Bon;Bon;Bon
75120;2021;Appartement;6.0;10170.868347338936;23520.0;;17;26;9;Bon;Bon;Bon;Bon
75120;2021;Appartement;7.0;2384.6153846153848;23520.0;;17;26;9;Bon;Bon;Bon;Bon
75120;2021;Appartement;8.0;12325.0;23520.0;;17;26;9;Bon;Bon;Bon;Bon
75120;2021;Maison;1.0;100000.0;23520.0;;17;26;9;Bon;Bon;Bon;Bon
75120;2021;Maison;2.0;20408.163265306124;23520.0;;17;26;9;Bon;Bon;Bon;Bon
75120;2021;Maison;3.0;13034.220306513409;23520.0;;17;26;9;Bon;Bon;Bon;Bon
75120;2021;Maison;4.0;12372.527472527472;23520.0;;17;26;9;Bon;Bon;Bon;Bon
75120;2021;Maison;5.0;9768.111818181818;23520.0;;17;26;9;Bon;Bon;Bon;Bon
75120;2021;Maison;6.0;13926.829268292682;23520.0;;17;26;9;Bon;Bon;Bon;Bon
75120;2021;Maison;7.0;11428.87473460722;23520.0;;17;26;9;Bon;Bon;Bon;Bon
75120;2022;Appartement;0.0;57713.05555555556;23520.0;;17;26;9;Bon;Bon;Bon;Bon
75120;2022;Appartement;1.0;9583.333333333334;23520.0;;17;26;9;Bon;Bon;Bon;Bon
75120;2022;Appartement;2.0;9647.054824561403;23520.0;;17;26;9;Bon;Bon;Bon;Bon
75120;2022;Appartement;3.0;9278.888548683404;23520.0;;17;26;9;Bon;Bon;Bon;Bon
75120;2022;Appartement;4.0;9081.111111111111;23520.0;;17;26;9;Bon;Bon;Bon;Bon
75120;2022;Appartement;5.0;8537.614678899083;23520.0;;17;26;9;Bon;Bon;Bon;Bon
75120;2022;Appartement;6.0;7779.301075268817;23520.0;;17;26;9;Bon;Bon;Bon;Bon
75120;2022;Appartement;8.0;79.74683544303798;23520.0;;17;26;9;Bon;Bon;Bon;Bon
75120;2022;Maison;1.0;86611.11111111111;23520.0;;17;26;9;Bon;Bon;Bon;Bon
75120;2022;Maison;2.0;21200.0;23520.0;;17;26;9;Bon;Bon;Bon;Bon
75120;2022;Maison;3.0;21250.0;23520.0;;17;26;9;Bon;Bon;Bon;Bon
75120;2022;Maison;4.0;11488.808139534884;23520.0;;17;26;9;Bon;Bon;Bon;Bon
75120;2022;Maison;5.0;12698.409523809523;23520.0;;17;26;9;Bon;Bon;Bon;Bon
75120;2022;Maison;6.0;15312.5;23520.0;;17;26;9;Bon;Bon;Bon;Bon
75120;2022;Maison;7.0;8769.84126984127;23520.0;;17;26;9;Bon;Bon;Bon;Bon
75120;2023;Appartement;0.0;9800.0;23520.0;;17;26;9;Bon;Bon;Bon;Bon
75120;2023;Appartement;1.0;8888.888888888889;23520.0;;17;26;9;Bon;Bon;Bon;Bon
75120;2023;Appartement;2.0;8968.75;23520.0;;17;26;9;Bon;Bon;Bon;Bon
75120;2023;Appartement;3.0;8750.0;23520.0;;17;26;9;Bon;Bon;Bon;Bon
75120;2023;Appartement;4.0;8437.5;23520.0;;17;26;9;Bon;Bon;Bon;Bon
75120;2023;Appartement;5.0;8126.126126126126;23520.0;;17;26;9;Bon;Bon;Bon;Bon
75120;2023;Appartement;6.0;10302.27027027027;23520.0;;17;26;9;Bon;Bon;Bon;Bon
75120;2023;Appartement;7.0;7771.428571428572;23520.0;;17;26;9;Bon;Bon;Bon;Bon
75120;2023;Appartement;8.0;6506.410256410257;23520.0;;17;26;9;Bon;Bon;Bon;Bon
75120;2023;Maison;2.0;15782.307692307691;23520.0;;17;26;9;Bon;Bon;Bon;Bon
75120;2023;Maison;3.0;14926.826330532214;23520.0;;17;26;9;Bon;Bon;Bon;Bon
75120;2023;Maison;4.0;11363.636363636364;23520.0;;17;26;9;Bon;Bon;Bon;Bon
75120;2023;Maison;5.0;13327.956989247312;23520.0;;17;26;9;Bon;Bon;Bon;Bon
75120;2023;Maison;6.0;13375.79617834395;23520.0;;17;26;9;Bon;Bon;Bon;Bon
75120;2023;Maison;7.0;9013.866666666669;23520.0;;17;26;9;Bon;Bon;Bon;Bon
75120;2024;Appartement;0.0;8028.01724137931;23520.0;;17;26;9;Bon;Bon;Bon;Bon
75120;2024;Appartement;1.0;8435.416666666668;23520.0;;17;26;9;Bon;Bon;Bon;Bon
75120;2024;Appartement;2.0;8452.380952380952;23520.0;;17;26;9;Bon;Bon;Bon;Bon
75120;2024;Appartement;3.0;8322.033898305084;23520.0;;17;26;9;Bon;Bon;Bon;Bon
75120;2024;Appartement;4.0;8278.57142857143;23520.0;;17;26;9;Bon;Bon;Bon;Bon
75120;2024;Appartement;5.0;7960.8445406883975;23520.0;;17;26;9;Bon;Bon;Bon;Bon
75120;2024;Appartement;6.0;6874.118554572271;23520.0;;17;26;9;Bon;Bon;Bon;Bon
75120;2024;Appartement;7.0;8035.0;23520.0;;17;26;9;Bon;Bon;Bon;Bon
75120;2024;Appartement;8.0;9385.474860335196;23520.0;;17;26;9;Bon;Bon;Bon;Bon
75120;2024;Maison;2.0;9093.75;23520.0;;17;26;9;Bon;Bon;Bon;Bon
75120;2024;Maison;3.0;7000.0;23520.0;;17;26;9;Bon;Bon;Bon;Bon
75120;2024;Maison;4.0;17260.27397260274;23520.0;;17;26;9;Bon;Bon;Bon;Bon
75120;2024;Maison;5.0;15554.129225502782;23520.0;;17;26;9;Bon;Bon;Bon;Bon
75120;2024;Maison;8.0;8255.813953488372;23520.0;;17;26;9;Bon;Bon;Bon;Bon
75120;2025;Appartement;0.0;9714.285714285714;23520.0;;17;26;9;Bon;Bon;Bon;Bon
75120;2025;Appartement;1.0;8670.068027210884;23520.0;;17;26;9;Bon;Bon;Bon;Bon
75120;2025;Appartement;2.0;8250.0;23520.0;;17;26;9;Bon;Bon;Bon;Bon
75120;2025;Appartement;3.0;8602.941176470587;23520.0;;17;26;9;Bon;Bon;Bon;Bon
75120;2025;Appartement;4.0;8139.53488372093;23520.0;;17;26;9;Bon;Bon;Bon;Bon
75120;2025;Appartement;5.0;8000.0;23520.0;;17;26;9;Bon;Bon;Bon;Bon
75120;2025;Appartement;6.0;26700.0;23520.0;;17;26;9;Bon;Bon;Bon;Bon
75120;2025;Appartement;7.0;6577.5;23520.0;;17;26;9;Bon;Bon;Bon;Bon
75120;2025;Maison;1.0;1666.6666666666667;23520.0;;17;26;9;Bon;Bon;Bon;Bon
75120;2025;Maison;2.0;17909.95825879547;23520.0;;17;26;9;Bon;Bon;Bon;Bon
75120;2025;Maison;3.0;12747.844827586207;23520.0;;17;26;9;Bon;Bon;Bon;Bon
75120;2025;Maison;4.0;10330.193050193051;23520.0;;17;26;9;Bon;Bon;Bon;Bon
75120;2025;Maison;5.0;9867.556650246306;23520.0;;17;26;9;Bon;Bon;Bon;Bon
75120;2025;Maison;6.0;10220.183486238531;23520.0;;17;26;9;Bon;Bon;Bon;Bon
